,Distribuidor,Rotor Atual,Rotor Otimizado,Potência Atual,Potência Otimizada,Ganho (%)
0,10.6323,0.5371089999999974,2.0669870376586914,173.0,172.6290283203125,-0.2144344969291907
1,19.9951,5.285639999999998,23.796306610107425,719.0,721.314208984375,0.3218649491481223
2,21.167,5.175779999999999,22.82225799560547,753.0,754.570068359375,0.2085084142596281
3,19.873000000000005,6.152339999999998,0.3802022933959961,629.9999999999999,628.7283935546875,-0.201842292906728
4,32.3975,11.181599999999998,14.259756088256836,1311.0,1311.393310546875,0.0300008044908466
5,36.0962,14.160199999999998,13.037919998168944,1385.0,1386.5849609375,0.1144376128158844
6,36.9995,15.002399999999998,10.694666862487791,1498.0,1500.458740234375,0.1641348621078104
7,30.4443,9.82666,15.057661056518556,1230.0,1233.67724609375,0.2989630970528455
8,15.9424,4.999999999999998,0.4850025177001953,380.0,381.385009765625,0.3644762541118421
9,44.0674,21.2158,8.506943702697754,1828.0,1830.5634765625,0.1402339476203501
10,11.3037,1.5502899999999986,0.5286865234375,190.9999999999999,189.73101806640625,-0.6643884469076633
11,41.3818,19.0552,5.364694118499756,1730.0,1734.821533203125,0.2787013412210983
12,35.9009,13.855,10.690814018249512,1417.0,1418.044921875,0.0737418401552575
13,21.7896,5.017089999999997,1.2478952407836914,817.0,818.4948120117188,0.1829635265261628
14,20.7153,4.418949999999999,0.2107744216918945,737.0,737.5665283203125,0.0768695142893487
15,21.3745,5.999999999999998,24.43874740600586,725.0,732.3270874023438,1.010632745150862
16,38.1836,16.149899999999995,4.802280902862549,1536.0,1538.815185546875,0.1832803090413411
17,52.124,25.6226,14.727428436279297,2003.0,2007.2919921875,0.2142781920868697
18,38.0005,15.856899999999998,3.609038829803467,1546.0,1550.3250732421875,0.2797589419267464
19,30.4077,10.046399999999998,14.238373756408691,1188.0,1188.9029541015625,0.0760062375052609
20,28.3569,8.654789999999998,18.728355407714844,1134.0,1136.4305419921875,0.2143335090112433
21,31.0425,10.5957,14.483670234680176,1243.0,1246.2532958984375,0.2617293562701126
22,30.4688,10.424799999999998,16.22591781616211,1151.0,1153.58447265625,0.2245414992397915
23,28.772,8.728029999999999,7.081299781799316,1083.0,1084.7620849609375,0.1627040591816712
24,35.2905,12.914999999999996,12.176856994628906,1298.0,1298.6556396484375,0.0505115291554314
25,29.2603,9.716799999999996,10.570319175720217,1160.0,1127.44677734375,-2.8063122979525863
26,26.4404,7.946779999999999,7.695682525634766,970.0,969.3985595703124,-0.0620041680090206
27,10.6567,4.064939999999999,0.1685895919799804,212.0,211.30279541015625,-0.3288700895489387
28,47.8149,23.0469,12.996015548706056,1984.0,1987.4814453125,0.17547607421875
29,24.6826,6.628419999999998,0.2344064712524414,962.0,961.008544921875,-0.1030618584329522
30,34.729,12.719699999999998,2.8597335815429688,1378.0,1382.474853515625,0.3247353784923802
31,24.2554,6.347659999999999,24.806947708129883,923.0,940.1560668945312,1.8587288076415225
32,51.28170000000001,24.9878,19.75824546813965,2100.0,2103.59814453125,0.1713402157738095
33,13.8184,5.078119999999998,0.1685895919799804,213.0,211.35760498046875,-0.7710774739583333
34,30.2612,9.753419999999998,10.403312683105469,1176.0,1176.5755615234375,0.0489423064147533
35,18.4326,3.735349999999999,0.3802022933959961,613.0,612.86669921875,-0.0217456413132137
36,48.5962,23.3887,12.397022247314451,1967.0,1970.579833984375,0.1819946102885104
37,14.4287,5.163569999999999,0.4850025177001953,287.9999999999999,287.077392578125,-0.3203497992621134
38,29.0039,8.972169999999998,23.09416961669922,1111.0,1127.83544921875,1.5153419638838883
39,12.133799999999995,0.903319999999999,0.9067344665527344,194.00000000000023,194.96820068359372,0.4990725173162482
40,11.901900000000005,4.321289999999999,0.8014097213745117,191.9999999999999,192.76129150390625,0.396505991617898
41,37.3535,15.1978,3.1170778274536133,1506.0,1510.571533203125,0.303554661562085
42,39.856,17.7612,4.645411491394043,1682.0,1687.11474609375,0.3040871637187871
43,46.9971,22.8394,17.10718536376953,2037.0,2037.9429931640625,0.0462932333854933
44,44.4092,21.7041,9.46087646484375,1842.0,1844.1708984375,0.1178555069218241
45,20.2637,4.467769999999997,0.6580390930175781,723.0,722.230224609375,-0.106469625259336
46,36.7554,14.6362,4.281766414642334,1519.0,1524.3292236328125,0.350837632179888
47,30.249,9.80225,13.964869499206545,1242.0,1245.4036865234375,0.2740488344152576
48,26.7822,7.250979999999998,1.2225313186645508,970.0,969.5694580078124,-0.0443857723904639
49,36.7554,14.807099999999998,3.347212791442871,1459.0,1462.745849609375,0.2567408916638108
50,31.4941,10.485799999999998,12.129783630371094,1294.0,1294.199462890625,0.0154144428612828
51,30.5908,10.791,16.05865478515625,1133.0,1136.744140625,0.3304625441306266
52,29.0405,8.764649999999998,12.015110969543455,1172.0,1172.9022216796875,0.076981371986988
53,35.3394,13.439899999999998,5.082103729248047,1385.0,1392.626708984375,0.5506649086191336
54,30.1514,9.716799999999996,11.898945808410645,1209.0,1211.9918212890625,0.2474624722136062
55,33.2153,11.669899999999998,11.55145263671875,1356.0,1356.1636962890625,0.0120719977184734
56,29.5288,9.680179999999998,12.761244773864746,1151.0,1150.3624267578125,-0.0553929836826672
57,20.5811,4.418949999999999,0.4994993209838867,682.0,683.033935546875,0.1516034526209677
58,18.4082,5.468749999999998,22.302978515625,491.0,489.79144287109375,-0.2461419814473014
59,26.6968,7.446289999999999,23.048534393310547,1034.0,1053.067626953125,1.84406450223646
60,29.2725,9.155269999999998,13.086966514587402,1197.0,1199.322265625,0.1940071532999164
61,41.0034,18.0,5.576334476470947,1656.0,1660.4539794921875,0.2689601142625302
62,31.4331,10.999999999999998,8.561147689819336,1254.0,1254.85986328125,0.06856963965311
63,33.3862,12.0728,12.612403869628906,1363.0,1364.165771484375,0.08552982277146
64,41.0156,18.8599,5.999436378479004,1750.0,1754.1292724609375,0.2359584263392857
65,11.438,1.2329099999999986,0.1609659194946289,184.99999999999977,184.046875,-0.5152027027025804
66,44.3359,21.3623,7.65225887298584,1750.0,1753.81787109375,0.2181640625
67,35.9375,13.9404,9.646854400634766,1482.0,1483.353515625,0.0913303390688259
68,11.694300000000002,1.184079999999998,0.8014097213745117,204.00000000000023,203.70867919921875,-0.1428043141085671
69,45.2515,22.1191,9.211935997009276,1815.0,1818.28076171875,0.1807582214187328
70,25.8423,6.872559999999998,1.1035547256469729,1005.0,1004.4944458007812,-0.0503039004197761
71,36.3037,14.245599999999998,9.51065158843994,1436.0,1437.6378173828125,0.1140541352933496
72,29.3457,9.228519999999998,11.239519119262695,1179.0,1178.1954345703125,-0.0682413426367684
73,14.3677,2.233889999999999,0.2232532501220703,405.0,404.2407836914063,-0.1874608169367284
74,24.8413,6.835939999999998,3.577443122863769,989.0,988.5071411132812,-0.0498340633689332
75,28.9307,6.909179999999998,24.14239501953125,989.0,1032.0068359375,4.348517283872599
76,35.498,13.610799999999998,10.11277198791504,1309.0,1309.363037109375,0.0277339273777692
77,51.3306,25.1953,12.529278755187988,1991.0,1996.107177734375,0.2565131961012054
78,10.9985,0.4638669999999987,21.45396423339844,188.0,187.25567626953125,-0.3959168779089096
79,31.3599,10.6934,5.96036434173584,1266.0,1266.9969482421875,0.0787478864287124
80,41.1133,18.8232,6.491456508636475,1589.0,1591.9605712890625,0.1863166324142542
81,39.978,18.0542,4.4306511878967285,1634.0,1638.78759765625,0.2929986325734394
82,29.9194,10.009799999999998,12.127795219421388,1179.0,1179.5577392578125,0.0473061287372773
83,30.835,10.168499999999998,3.132772922515869,1240.0,1241.345947265625,0.1085441343245967
84,32.1533,10.888699999999998,13.211151123046877,1338.0,1337.693115234375,-0.0229360811378923
85,40.0879,18.1641,11.2227783203125,1626.0,1628.19091796875,0.13474280250615
86,29.9927,9.448239999999998,9.072358131408691,1266.0,1266.304931640625,0.0240862275375197
87,44.1895,21.0,7.760871887207031,1808.0,1813.5650634765625,0.3078021834381914
88,30.7007,11.157199999999998,8.04345417022705,1174.0,1172.4754638671875,-0.1298582736637563
89,32.5684,11.169399999999998,10.481755256652832,1272.0,1273.3218994140625,0.1039229099105739
90,44.5435,21.4478,16.502073287963867,1811.0,1812.8134765625,0.1001367511043622
91,29.9194,8.203119999999998,24.181114196777344,1058.0,1099.3009033203125,3.903677062411389
92,28.1616,7.983399999999998,5.780170440673828,980.0,980.0445556640624,0.0045464963329081
93,29.7729,10.278299999999998,15.094985008239746,1173.0,1174.245361328125,0.1061689111786018
94,36.9507,14.929199999999998,1.5315017700195312,1443.0,1446.2413330078125,0.2246246020660083
95,10.937499999999996,4.113769999999998,0.2204189300537109,206.0,206.04949951171875,0.0240288891838592
96,11.828599999999998,0.7568359999999981,0.883824348449707,212.0,210.5277099609375,-0.6944764335200472
97,37.6953,15.624999999999998,2.760204315185547,1502.0,1506.516357421875,0.3006895753578562
98,47.7173,23.2056,17.930091857910156,2022.0,2024.824951171875,0.139710740448813
99,36.8042,14.855999999999998,9.051506996154783,1487.0,1488.27490234375,0.0857365395931405
100,11.5112,1.9164999999999992,0.6580390930175781,204.00000000000023,202.41668701171875,-0.776133817785037
101,31.4819,10.6323,14.890451431274414,1290.0,1291.9945068359375,0.1546129330184108
102,38.1348,16.3208,8.51552963256836,1618.0,1622.4515380859375,0.275125963284147
103,45.1294,22.0337,9.367679595947266,1828.0,1831.951171875,0.2161472579321663
104,11.3037,1.0009800000000002,0.2204189300537109,204.00000000000023,203.32684326171875,-0.3299787932752336
105,43.6768,20.9473,9.152968406677246,1823.0,1824.9254150390625,0.105617939608475
106,43.3716,20.6177,9.655616760253906,1812.0,1814.214599609375,0.1222185214886865
107,30.2612,9.692379999999998,13.523188591003418,1185.0,1190.1339111328125,0.433241445806962
108,22.3267,5.444339999999999,24.24456024169922,835.0,837.8829345703125,0.3452616251871257
109,37.4146,14.999999999999998,6.737940311431885,1583.0,1587.4285888671875,0.2797592461899874
110,45.3613,22.1558,11.364757537841797,1959.0,1962.002197265625,0.1532515194295559
111,15.6372,2.4414099999999976,0.1325397491455078,394.0,395.3484497070313,0.3422461185358502
112,33.6548,12.085,11.303781509399414,1312.0,1312.9796142578125,0.0746657208698551
113,53.06400000000001,26.5503,18.579938888549805,2219.0,2221.4501953125,0.1104188964623704
114,19.8364,4.602049999999998,0.2593374252319336,707.0,707.166015625,0.0234817008486562
115,11.718799999999998,1.7944299999999984,0.8014097213745117,201.0000000000001,207.35833740234372,3.1633519414644944
116,25.9399,7.128909999999998,24.6005859375,1004.0,1056.544677734375,5.233533638881973
117,28.2349,8.312989999999997,12.856278419494627,1171.0,1170.661376953125,-0.0289174250106746
118,28.9185,9.082029999999998,13.561410903930664,1155.0,1157.4127197265625,0.208893482819264
119,37.854,15.999999999999998,3.2373852729797363,1539.0,1544.784423828125,0.3758559992283951
120,36.0474,14.135699999999998,7.155282497406006,1458.0,1461.1768798828125,0.2178929960776749
121,22.0703,5.358889999999998,24.751728057861328,794.0,807.5989379882812,1.712712592982525
122,40.6128,18.5303,5.865081787109375,1521.0,1524.3038330078125,0.2172145304281722
123,30.188,9.838869999999998,11.500791549682615,1194.0,1193.839599609375,-0.0134338685615577
124,36.9751,14.929199999999998,11.251964569091797,1577.0,1578.3017578125,0.0825464687698161
125,13.9771,4.614259999999998,0.0449161529541015,265.0,261.37017822265625,-1.36974406692217
126,11.694300000000002,1.0009800000000002,0.2204189300537109,208.0,208.06195068359372,0.0297839824969951
127,43.2983,20.6055,8.855965614318848,1808.0,1811.4013671875,0.1881287161227876
128,30.3223,9.680179999999998,10.85499095916748,1099.0,1099.6829833984375,0.062145896127161
129,22.0947,5.334469999999998,22.825342178344727,788.0,798.7157592773438,1.3598679285969226
130,29.834,9.66797,6.148921012878418,1235.0,1236.5042724609375,0.121803438132591
131,25.3174,6.420899999999998,5.578537464141846,988.0,986.570068359375,-0.1447299231401821
132,19.3726,6.091309999999998,0.3545732498168945,601.9999999999999,601.2234497070312,-0.1289950652771821
133,30.0537,9.875489999999996,3.29014253616333,1201.0,1203.465576171875,0.2052936029870941
134,37.915,15.954599999999996,5.99030351638794,1580.0,1583.977294921875,0.2517275267009494
135,28.064,8.532709999999998,22.339378356933597,1106.0,1131.0614013671875,2.2659494907041138
136,44.0308,21.228,8.103056907653809,1795.0,1799.6875,0.261142061281337
137,29.5044,9.252929999999996,13.15834617614746,1174.0,1174.473876953125,0.0403643060583475
138,29.5898,9.33838,11.575552940368652,1230.0,1230.3460693359375,0.0281357183689024
139,36.853,14.843799999999998,1.1386241912841797,1490.0,1493.738037109375,0.250874973783557
140,21.6064,4.980469999999998,24.141664505004883,823.0,837.1146240234375,1.715021145010632
141,34.8511,12.853999999999996,0.0040512084960937,1351.0,1354.71875,0.2752590673575129
142,30.2124,9.875489999999996,7.140722274780273,1210.0,1212.1033935546875,0.1738341780733471
143,32.2388,11.315899999999996,11.813843727111816,1313.0,1312.8580322265625,-0.0108124732244859
144,31.4331,10.5957,5.25728702545166,1259.0,1260.2598876953125,0.100070507967633
145,30.7495,10.095199999999998,4.622937202453613,1247.0,1250.0458984375,0.2442580944266239
146,31.2256,10.7056,10.411648750305176,1252.0,1254.968994140625,0.2371401070786741
147,31.7993,10.7666,12.733200073242188,1334.0,1335.1142578125,0.0835275721514242
148,41.2842,19.0918,5.906188011169434,1665.0,1669.2135009765625,0.2530631217154654
149,30.0537,9.82666,7.792660713195801,1256.0,1257.428466796875,0.1137314328722133
150,40.7471,18.7744,5.507857799530029,1611.0,1617.1834716796875,0.3838281613710428
151,19.812,4.528809999999998,23.419353485107425,694.0,693.8074951171875,-0.0277384557366714
152,30.7617,10.119599999999998,1.0773429870605469,1230.0,1232.9019775390625,0.2359331332571138
153,36.3159,14.999999999999998,5.133841514587402,1527.0,1532.908935546875,0.3869636900376555
154,44.3115,21.521,8.757012367248535,1835.0,1838.906982421875,0.2129145733991825
155,30.0537,9.58252,9.934725761413574,1216.0,1216.8221435546875,0.0676104896946957
156,32.6538,11.5234,1.39447021484375,1361.0,1363.6419677734375,0.194119601281227
157,11.9995,1.501459999999998,0.1702909469604492,91.0,90.5623779296875,-0.4809033739697802
158,30.7373,10.046399999999998,2.288588523864746,1258.0,1262.65625,0.370131160572337
159,40.2222,18.2251,13.147279739379885,1697.0,1697.2864990234375,0.0168826766904832
160,11.9385,1.2573199999999982,0.6580390930175781,204.00000000000023,204.5572509765625,0.2731622434128784
161,37.5488,15.3809,3.779055118560791,1575.0,1580.224365234375,0.3317057291666666
162,15.7837,2.844239999999999,0.2593822479248047,493.0,492.3440551757813,-0.1330516884825051
163,30.7129,10.8276,6.686988353729248,1167.0,1166.4287109375,-0.0489536471722365
164,26.6479,7.507319999999998,1.6075458526611328,970.0,969.1993408203124,-0.0825421834729381
165,47.2534,22.8149,12.15613842010498,1962.0,1965.88720703125,0.1981247212665647
166,33.8501,12.2559,9.550973892211914,1352.0,1353.1114501953125,0.0822078546828772
167,49.3896,23.889199999999995,13.537092208862305,2024.0,2027.3828125,0.1671350049407114
168,47.2046,22.7783,18.25922393798828,1975.0,1976.3843994140625,0.070096172863924
169,35.2783,13.378899999999998,8.405187606811523,1431.0,1433.70068359375,0.1887270156359189
170,31.665,11.169399999999998,8.222824096679688,1328.0,1328.672607421875,0.0506481492375753
171,21.5942,5.249019999999998,24.49284553527832,773.0,785.7034912109375,1.6434011915831177
172,11.682100000000002,0.7080079999999978,0.0449161529541015,190.0,191.38323974609372,0.7280209189967105
173,53.5889,26.9043,18.884626388549805,2277.0,2281.6416015625,0.2038472359464207
174,39.9902,17.8345,6.90221118927002,1714.0,1716.8726806640625,0.1676009722323512
175,27.9663,8.215329999999998,10.37261962890625,1096.0,1097.5343017578125,0.1399910362967609
176,34.0698,12.426799999999998,7.216419696807861,1379.0,1366.6480712890625,-0.8957163677257071
177,32.8003,11.755399999999998,14.011178970336914,1329.0,1329.353759765625,0.0266184925225733
178,11.3159,0.9643549999999976,0.0371665954589843,198.0,196.98089599609372,-0.5146989918718434
179,13.4766,2.2949199999999976,22.61945152282715,295.0000000000001,295.41925048828125,0.1421188095868258
180,42.5171,19.8853,6.7496490478515625,1710.0,1714.499755859375,0.2631436175073099
181,32.1899,11.279299999999996,11.593620300292969,1247.0,1248.059814453125,0.0849891301623897
182,11.499000000000002,1.6967799999999986,0.3802022933959961,198.9999999999999,200.92547607421875,0.9675759166928968
183,11.706500000000002,1.330569999999998,0.0449161529541015,195.0000000000001,196.1724853515625,0.6012745392627619
184,31.4819,10.7056,2.527128219604492,1254.0,1253.3631591796875,-0.0507847544108851
185,39.1113,17.175299999999996,4.58496618270874,1590.0,1594.2882080078125,0.2696986168435534
186,21.8872,5.249019999999998,1.9240837097167969,866.0,864.5254516601562,-0.1702711708826501
187,31.2012,10.8398,7.924170017242432,1262.0,1263.048828125,0.0831084092709984
188,30.8472,10.278299999999998,11.883617401123049,1231.0,1231.1929931640625,0.0156777550010154
189,25.3296,6.835939999999998,14.336015701293944,964.0,962.9769287109376,-0.1061277270811722
190,20.8252,5.053709999999998,23.60507583618164,750.0,754.545654296875,0.6060872395833333
191,24.8413,6.872559999999998,3.822296142578125,957.0,957.2679443359376,0.0279983632118599
192,31.1523,10.424799999999998,11.615519523620604,1220.0,1220.0888671875,0.0072841956967213
193,24.707,6.518549999999999,6.7979583740234375,896.0,897.2764892578125,0.1424653189522879
194,37.1094,15.173299999999998,3.10270357131958,1520.0,1525.0433349609375,0.3317983526932566
195,13.879400000000004,4.614259999999998,0.6580390930175781,215.0,214.74652099609372,-0.117897211119186
196,25.1953,6.445309999999998,24.50896453857422,938.0,953.9158935546876,1.696790357642591
197,47.7905,23.1812,17.130504608154297,2039.0,2041.3896484375,0.1171970788376655
198,28.5522,9.240719999999998,24.167282104492188,1068.0,1107.083740234375,3.659526239173689
199,36.8042,14.843799999999998,4.83513069152832,1492.0,1497.612060546875,0.3761434682892091
200,29.8828,10.058599999999998,5.035650730133057,1111.0,1110.8125,-0.0168766876687668
201,21.0449,4.650879999999998,24.12391662597656,803.0,807.3360595703125,0.5399825118695517
202,29.1016,8.886719999999999,9.89378833770752,1139.0,1140.890625,0.1659899034240561
203,37.5732,15.685999999999998,5.2322540283203125,1565.0,1571.258056640625,0.3998758236821086
204,29.1016,8.935549999999997,11.17222499847412,1165.0,1168.9512939453125,0.3391668622585837
205,11.804199999999998,0.9399409999999976,0.5179033279418945,199.99999999999977,198.422607421875,-0.7886962890623872
206,41.5771,19.1772,12.012092590332031,1757.0,1758.6553955078125,0.0942171603763517
207,30.2979,9.753419999999998,10.165081024169922,1244.0,1243.597412109375,-0.0323623706290192
208,33.02,11.755399999999998,2.8555078506469727,1289.0,1290.619140625,0.1256121508921644
209,44.0918,20.9839,7.234761238098144,1819.0,1823.669189453125,0.2566899094626168
210,40.8813,18.811,10.119593620300291,1695.0,1699.83056640625,0.2849891685103244
211,49.1699,23.7427,14.069381713867188,2013.0,2016.5948486328125,0.1785816509097118
212,32.6782,11.743199999999998,14.813398361206056,1345.0,1347.1729736328125,0.1615593779042751
213,37.8906,15.893599999999998,5.562790870666504,1549.0,1553.7923583984375,0.3093840153929955
214,44.2749,21.3745,8.528101921081543,1795.0,1799.19384765625,0.2336405379526462
215,34.9487,12.927199999999996,4.688788414001465,1334.0,1336.6885986328125,0.2015441253982384
216,28.6743,8.715819999999999,9.440821647644045,1212.0,1211.9124755859375,-0.0072214863087871
217,43.2739,20.5444,7.227658271789551,1839.0,1843.0003662109373,0.2175294296322729
218,30.249,10.095199999999998,9.459906578063965,1227.0,1228.095947265625,0.0893192555521597
219,20.0073,6.530759999999998,0.5256528854370117,641.0,654.875732421875,2.1647008458463337
220,37.9517,15.795899999999998,2.916049003601074,1534.0,1539.785888671875,0.3771765757415254
221,49.0479,23.5718,19.266586303710938,2030.0,2032.1702880859373,0.1069107431496305
222,24.646,6.774899999999998,5.479053020477295,952.0,952.4163818359376,0.0437375878085609
223,12.329100000000004,1.5747099999999978,0.3641262054443359,310.0,309.5053100585937,-0.159577400453629
224,11.889599999999994,0.7812499999999982,0.1685895919799804,198.0,198.064208984375,0.0324287799873737
225,31.4941,10.7056,11.522757530212402,1262.0,1262.591064453125,0.046835535112916
226,34.0088,12.3169,4.239690780639648,1426.0,1431.2979736328125,0.3715269027217742
227,38.4033,16.149899999999995,2.836825370788574,1483.0,1485.64111328125,0.178092601567768
228,31.4087,10.5225,2.5042924880981445,1256.0,1259.0750732421875,0.2448306721486863
229,21.8018,5.407709999999998,24.384010314941406,794.0,799.718505859375,0.72021484375
230,11.706500000000002,0.634765999999999,0.0864982604980468,195.0000000000001,195.380859375,0.1953124999999415
231,28.7231,8.911129999999998,12.660202026367188,1144.0,1144.2532958984375,0.0221412498634178
232,11.560100000000002,1.9409199999999984,0.6580390930175781,224.0,223.0009765625,-0.4459926060267857
233,37.3291,15.3564,4.894218921661377,1538.0,1544.17041015625,0.4011970192620286
234,34.2163,12.512199999999998,11.02326774597168,1423.0,1425.0927734375,0.1470677046732255
235,53.2349,26.0,17.13428497314453,2172.0,2177.69091796875,0.2620127978245856
236,29.1748,9.17969,11.046746253967283,1176.0,1176.85498046875,0.0727024208120748
237,35.2051,13.0981,8.032686233520508,1352.0,1354.30517578125,0.1705011672522189
238,33.1909,11.4502,16.863126754760742,1383.0,1382.74267578125,-0.0186062341829356
239,29.1382,9.069819999999998,13.302220344543455,1182.0,1186.1241455078125,0.3489124795103638
240,32.7148,11.999999999999998,1.355194091796875,1301.0,1306.327392578125,0.4094844410549577
241,29.3701,9.399409999999998,12.891640663146973,1152.0,1152.9263916015625,0.0804159376356336
242,28.9795,8.959959999999999,5.884725093841553,1182.0,1181.9290771484375,-0.0060002412489424
243,35.4736,13.500999999999998,4.139765739440918,1369.0,1372.410400390625,0.2491161717037984
244,20.8374,5.017089999999997,0.3836965560913086,735.0,735.55712890625,0.0757998511904761
245,32.4585,11.291499999999996,11.044722557067873,1320.0,1319.232421875,-0.0581498579545454
246,28.4912,9.04541,13.318669319152832,1136.0,1141.1168212890625,0.4504244092484595
247,45.0073,21.9727,11.27231788635254,1839.0,1840.081298828125,0.0587981962003806
248,37.0972,15.026899999999998,5.803606033325195,1503.0,1506.6495361328125,0.2428167753035595
249,30.4565,11.083999999999998,15.317606925964355,1157.0,1157.68505859375,0.0592099043863439
250,11.2793,1.330569999999998,0.5179033279418945,180.9999999999999,181.361328125,0.1996287983426043
251,40.564,18.457,5.647371768951416,1739.0,1743.2017822265625,0.2416205995723116
252,31.0181,10.375999999999998,10.68554973602295,1201.0,1202.786376953125,0.1487407954308909
253,18.0298,5.712889999999998,0.6580390930175781,508.0,507.7125244140625,-0.0565896822711614
254,32.0435,11.144999999999998,14.538248062133787,1284.0,1285.6370849609375,0.1274988287334501
255,11.2305,1.8432599999999968,0.5256528854370117,206.0,204.26092529296875,-0.8442110228307039
256,18.396,5.847169999999998,22.935930252075195,580.0,581.992431640625,0.3435226966594827
257,15.747100000000003,2.514649999999998,0.8014097213745117,460.0,461.028564453125,0.2236009680706521
258,33.1055,11.865199999999998,11.76501178741455,1352.0,1352.3585205078125,0.026517789039386
259,38.9282,16.9067,5.050755500793457,1655.0,1656.5555419921875,0.093990452700151
260,33.7769,12.3169,8.638187408447266,1393.0,1395.542236328125,0.1825008132178751
261,11.438,1.3671899999999972,1.651656150817871,217.0,229.2938232421875,5.6653563328053
262,18.9941,3.8207999999999975,23.72223663330078,591.0,593.1151123046875,0.3578870227897631
263,29.4312,9.2041,13.576726913452148,1213.0,1213.8336181640625,0.0687236738715993
264,11.413600000000002,1.0497999999999976,2.0001144409179688,194.00000000000023,194.056884765625,0.0293220441364807
265,45.8496,22.326699999999995,10.937012672424316,1881.0,1885.540283203125,0.2413760341905901
266,36.0474,14.123499999999998,8.489797592163086,1453.0,1455.1480712890625,0.1478369779120784
267,28.5645,8.581539999999999,12.121540069580078,1172.0,1173.146728515625,0.0978437300021331
268,41.0156,18.7866,5.94249439239502,1550.0,1554.41015625,0.2845262096774194
269,31.6528,10.949699999999998,8.817669868469238,1315.0,1315.9434814453125,0.071747638426806
270,11.1084,1.5747099999999978,0.0449161529541015,194.00000000000023,194.51458740234372,0.265251238321403
271,29.5288,9.52148,12.294017791748049,1193.0,1192.9154052734375,-0.0070909242717937
272,30.0293,9.545899999999998,12.652976989746094,1182.0,1181.5885009765625,-0.0348137921689932
273,24.5361,7.397459999999998,0.1362009048461914,946.0,945.3634643554688,-0.0672870660181025
274,35.9863,13.9404,3.2496542930603027,1473.0,1477.421875,0.3001951799049558
275,28.3325,8.508299999999998,7.138175010681152,978.0,975.9197998046876,-0.2126994064736707
276,14.196800000000003,5.114749999999997,0.1685895919799804,270.0,272.3319702148437,0.8636926721643519
277,14.502,5.017089999999997,0.2471122741699218,204.00000000000023,202.9796142578125,-0.5001890893077089
278,28.5522,9.716799999999996,10.570545196533203,1107.0,1081.169921875,-2.3333403906955734
279,35.6323,13.610799999999998,13.413263320922852,1408.0,1407.8271484375,-0.0122763893821022
280,21.7407,5.432129999999998,24.26171112060547,797.0,811.6578369140625,1.839126338025408
281,38.8794,16.8701,5.706808567047119,1602.0,1604.668212890625,0.1665551117743445
282,44.7876,21.7651,10.308225631713867,1814.0,1816.20263671875,0.1214242954106945
283,31.7383,10.8032,5.006479263305664,1302.0,1304.0128173828125,0.1545942690332181
284,28.2715,8.496089999999999,13.762446403503418,1144.0,1147.884521484375,0.3395560738090035
285,24.9634,6.835939999999998,5.334789276123047,980.0,980.5029296875,0.0513193558673469
286,25.415,6.872559999999998,19.47122573852539,1022.0,1020.0877075195312,-0.1871127671691536
287,44.5557,21.4478,8.579278945922852,1745.0,1748.6627197265625,0.2098979785995702
288,35.6323,13.6963,10.137625694274902,1444.0,1445.1898193359375,0.0823974609375
289,43.8843,21.0815,11.18111515045166,1841.0,1844.00146484375,0.1630344836366105
290,50.5005,24.5483,21.28287696838379,2123.0,2124.49609375,0.07047073716439
291,11.9995,1.1108399999999978,0.3048238754272461,188.99999999999977,188.991943359375,-0.00426277281734
292,31.2134,10.5591,3.822630882263184,1295.0,1299.48974609375,0.346698540057915
293,32.8491,11.572299999999998,12.23538589477539,1336.0,1338.4541015625,0.1836902367140718
294,23.6328,5.725099999999999,24.575590133666992,862.0,878.8211669921875,1.9514114840124708
295,44.2749,21.4844,8.43314266204834,1819.0,1822.482666015625,0.1914604736462342
296,29.2725,9.33838,12.045787811279297,1150.0,1151.92626953125,0.1675016983695652
297,30.127,9.875489999999996,9.49720573425293,1197.0,1199.0845947265625,0.1741516062291144
298,41.4551,19.0,8.518507957458496,1776.0,1779.7099609375,0.2088941969313063
299,30.9326,10.156199999999998,1.5388879776000977,1225.0,1227.160400390625,0.1763592155612245
300,45.6543,22.2534,10.838351249694824,1836.0,1838.5068359375,0.1365379050925926
301,18.5425,22.7783,36.283348083496094,198.9999999999999,202.26641845703125,1.6414163100660129
302,29.6509,10.302699999999998,10.654780387878418,1146.0,1143.7984619140625,-0.1921062902214223
303,35.1196,13.146999999999998,4.751088619232178,1417.0,1420.321533203125,0.2344060129234298
304,11.755399999999998,1.5136699999999976,0.8014097213745117,203.0,204.04644775390625,0.5154915043873153
305,20.5566,4.565429999999997,0.3802022933959961,708.0,706.416748046875,-0.2236231572210452
306,32.1533,11.206099999999998,12.912805557250977,1272.0,1273.822998046875,0.1433174565153302
307,20.1782,4.50439,1.1178131103515625,675.0,675.259765625,0.0384837962962962
308,23.6938,6.091309999999998,24.806541442871094,838.0,852.771728515625,1.7627360997165873
309,21.6064,5.297849999999999,23.78787040710449,822.0,827.0111083984375,0.6096238927539538
310,11.4746,0.8666989999999988,0.2204189300537109,198.9999999999999,198.3583984375,-0.32241284547733
311,41.4429,19.2505,6.182088851928711,1766.0,1770.2623291015625,0.2413549887634484
312,35.8643,13.9404,13.03718376159668,1491.0,1490.6812744140625,-0.0213766321889671
313,29.4067,8.999999999999998,20.357784271240234,1090.0,1129.907470703125,3.6612358443233943
314,37.2437,15.21,5.243918895721436,1521.0,1528.134521484375,0.4690678161982248
315,35.1929,13.0493,3.6835665702819824,1371.0,1376.387939453125,0.3929933955598103
316,29.4556,10.192899999999998,8.91514778137207,1157.0,1157.6834716796875,0.0590727467318496
317,45.0073,21.9727,9.179092407226562,1904.0,1907.2801513671875,0.1722768575203518
318,26.5137,7.177729999999999,10.822649002075195,977.0,976.888916015625,-0.0113699062819856
319,30.3223,10.6323,17.06772804260254,1155.0,1156.99365234375,0.1726105925324675
320,25.5249,6.762699999999998,6.050219058990479,991.0,988.7173461914062,-0.230338426699672
321,38.4766,16.5161,6.206356048583984,1617.0,1621.43359375,0.2741863790970933
322,48.5962,23.4253,13.08070182800293,1990.0,1993.3363037109373,0.1676534528109296
323,14.5752,3.999999999999999,0.2204189300537109,217.0,219.39453125,1.1034706221198156
324,44.3848,21.4478,8.705826759338379,1807.0,1810.2099609375,0.1776403396513558
325,30.542,11.047399999999998,16.784788131713867,1165.0,1166.884521484375,0.161761500804721
326,30.7495,10.864299999999998,15.17209243774414,1187.0,1186.6058349609375,-0.0332068272167228
327,30.8105,10.339399999999998,4.47320556640625,1250.0,1251.337890625,0.10703125
328,36.499,14.477499999999996,2.6334476470947266,1473.0,1477.1005859375,0.2783832951459606
329,48.2544,23.2788,15.999757766723633,1986.0,1987.3277587890625,0.0668559309699144
330,14.0991,4.999999999999998,0.0449161529541015,197.0000000000001,200.00177001953125,1.5237411266655505
331,31.4209,11.144999999999998,13.277050971984863,1296.0,1295.4478759765625,-0.0426021623022762
332,19.2017,4.394529999999998,0.1538267135620117,644.0,644.20458984375,0.0317686092779503
333,11.779799999999998,1.4770499999999966,0.8014097213745117,209.0,193.83038330078125,-7.258189808238637
334,11.828599999999998,1.7211899999999982,3.016101837158203,208.0,207.42108154296875,-0.278326181265024
335,17.9565,3.881839999999999,0.2126703262329101,552.0,551.686767578125,-0.0567450039628623
336,43.0298,20.4956,7.130351543426514,1808.0,1812.4638671875,0.2468953090431416
337,28.6987,9.374999999999998,24.98860740661621,1050.0,1093.9598388671875,4.186651320684524
338,10.8521,1.0742199999999986,0.1685895919799804,201.0000000000001,201.51885986328125,0.2581392354632517
339,43.0298,20.5444,7.856229782104492,1682.0,1685.65576171875,0.2173461188317479
340,38.7085,16.613799999999998,5.510335922241211,1619.0,1622.5758056640625,0.220865081165071
341,20.9717,3.8940399999999977,24.16760635375977,713.0,717.859375,0.6815392706872371
342,30.9326,8.923339999999998,22.39418029785156,1008.0,1016.2743530273438,0.8208683558872767
343,40.9424,18.6768,6.106063365936279,1712.0,1715.71337890625,0.2169029734959112
344,37.1094,15.039099999999998,8.698453903198242,1481.0,1483.3846435546875,0.1610157700666779
345,12.0483,2.160639999999997,0.5256528854370117,195.9999999999999,195.65606689453125,-0.1754760742186921
346,39.4531,17.419399999999996,5.742916107177734,1497.0,1498.4573974609375,0.0973545398087842
347,43.4082,20.751999999999995,7.81179666519165,1825.0,1828.87109375,0.2121147260273972
348,11.3647,1.3671899999999972,0.3802022933959961,191.9999999999999,191.760009765625,-0.12499491373692
349,34.1797,12.2681,7.575300693511963,1312.0,1314.6705322265625,0.2035466636099466
350,44.7876,21.7651,9.327932357788086,1892.0,1895.125244140625,0.1651820370309196
351,38.1958,16.210899999999995,3.511983871459961,1555.0,1561.4649658203125,0.4157534289590032
352,12.5366,1.3671899999999972,0.0383367538452148,205.0,205.82061767578125,0.4003013052591463
353,13.8916,4.999999999999998,0.2204189300537109,209.0,210.29791259765625,0.6210108122757177
354,18.2373,5.847169999999998,0.4850025177001953,597.0,599.47265625,0.4141802763819096
355,10.9985,1.7333999999999978,1.4342107772827148,210.9999999999999,209.63525390625,-0.6467990965639275
356,28.8208,8.825679999999998,12.03145980834961,1188.0,1188.03466796875,0.0029181791877104
357,36.2305,14.306599999999998,13.5968656539917,1382.0,1382.674560546875,0.0488104592528943
358,31.0791,10.302699999999998,13.110479354858398,1278.0,1278.98681640625,0.077215681240219
359,16.5771,2.990719999999997,22.61945152282715,529.0,530.6305541992188,0.3082333079808601
360,29.1138,9.301759999999998,10.787833213806152,1170.0,1169.9910888671875,-0.0007616352831196
361,27.832,8.349609999999998,16.597145080566406,1123.0,1133.742919921875,0.956626885296082
362,42.1143,19.8853,7.546156883239746,1793.0,1796.437744140625,0.1917314077314556
363,31.1646,10.375999999999998,10.60179328918457,1228.0,1229.3143310546875,0.1070302161797638
364,35.7422,13.7207,3.8305816650390634,1374.0,1378.0733642578125,0.2964602807723799
365,16.3696,2.673339999999998,21.037118911743164,475.0,474.7117919921875,-0.0606753700657894
366,29.8706,9.545899999999998,5.045197010040283,1234.0,1235.260986328125,0.1021868985514586
367,43.5669,20.788599999999995,7.518575668334961,1814.0,1817.33642578125,0.1839264488009923
368,30.9692,10.449199999999998,12.380857467651367,1229.0,1229.556884765625,0.0453120232404393
369,45.0562,21.9482,8.971917152404785,1823.0,1826.5318603515625,0.1937389112212013
370,28.3325,8.581539999999999,13.404559135437012,1132.0,1135.4317626953125,0.3031592487025176
371,43.5303,20.9717,8.609620094299316,1823.0,1824.1729736328125,0.0643430407467087
372,29.6509,9.19189,13.93788719177246,1174.0,1178.3575439453125,0.3711706938085605
373,37.1948,15.2344,12.292109489440918,1579.0,1580.8284912109375,0.1158005833399303
374,30.4321,9.82666,7.000761985778809,1252.0,1254.759521484375,0.2204090642472045
375,11.3159,0.634765999999999,0.1609659194946289,220.0,219.581787109375,-0.1900967684659091
376,10.8521,0.4394529999999967,0.2204189300537109,188.0,188.13031005859372,0.0693138609541223
377,29.2969,9.252929999999996,12.76724338531494,1190.0,1190.5531005859375,0.046479040835084
378,19.8486,6.347659999999999,0.191680908203125,608.0,607.8350219726562,-0.0271345439710115
379,32.7637,11.669899999999998,10.578453063964844,1293.0,1293.9010009765625,0.0696829834928461
380,48.3765,23.2056,16.224117279052734,2033.0,2034.5582275390625,0.0766467062991883
381,24.646,6.384279999999999,4.144294261932373,935.0,935.3016357421876,0.0322605071858288
382,37.8296,15.869099999999998,3.368392944335937,1553.0,1557.0166015625,0.2586350008048937
383,41.5649,19.2139,9.662467956542969,1767.0,1770.547119140625,0.2007424527801358
384,43.4448,20.751999999999995,7.783846855163574,1810.0,1814.253662109375,0.2350089563190608
385,30.5298,10.5225,8.422874450683594,1187.0,1186.5579833984375,-0.0372381298704717
386,18.1396,5.432129999999998,0.0371665954589843,586.0,587.2564086914062,0.2144042135505546
387,43.3472,20.751999999999995,9.261322975158691,1840.0,1843.318603515625,0.18035888671875
388,40.1489,18.1274,5.114089488983154,1555.0,1559.9952392578125,0.3212372513062701
389,43.8232,21.0449,9.36422348022461,1800.0,1802.6104736328125,0.1450263129340278
390,46.4966,22.5342,9.694036483764648,1890.0,1895.149658203125,0.2724686879960317
391,46.7041,22.7295,10.03378963470459,1901.0,1905.4166259765625,0.2323317189143871
392,25.2686,6.530759999999998,6.070442199707031,1030.0,1028.7169189453125,-0.1245709761832524
393,29.126,9.04541,9.941791534423828,1182.0,1182.2730712890625,0.0231024779240693
394,50.4272,24.3652,14.671226501464844,1934.0,1937.209716796875,0.1659626058363495
395,30.2856,9.692379999999998,1.880706787109375,1233.0,1237.1656494140625,0.3378466678071776
396,38.8794,16.8945,3.741321086883545,1659.0,1665.410400390625,0.3864014702004219
397,11.560100000000002,2.0141599999999986,0.6580390930175781,198.0,197.3695068359375,-0.3184308909406566
398,29.6387,9.399409999999998,10.335366249084473,1164.0,1162.9993896484375,-0.0859630886222079
399,30.0659,10.314899999999998,17.453855514526367,1158.0,1160.867431640625,0.2476193126619171
400,32.8613,11.682099999999998,4.357847690582275,1284.0,1287.120361328125,0.2430187950253115
401,26.9165,7.641599999999999,13.362003326416016,1101.0,1105.890869140625,0.4442206303928246
402,38.1226,16.2598,3.5945253372192383,1576.0,1581.637939453125,0.3577372749444797
403,46.5454,22.4976,10.988924026489258,1978.0,1981.0263671875,0.1530013744944388
404,43.2129,20.5688,7.30138635635376,1804.0,1808.8961181640625,0.271403445901469
405,28.1372,7.958979999999999,6.304141998291016,990.0,987.2892456054688,-0.2738135752051768
406,18.2373,3.5766599999999986,23.568897247314453,592.0,592.2296142578125,0.0387861921980574
407,42.9932,20.3979,7.548828125,1805.0,1809.208740234375,0.233171204120486
408,30.0537,9.594729999999998,12.006028175354004,1197.0,1198.16748046875,0.0975338737468671
409,36.5112,14.416499999999996,2.9833984375,1450.0,1453.462890625,0.2388200431034483
410,25.0732,6.884769999999998,21.868427276611328,996.0,997.0140991210938,0.1018171808327058
411,38.6719,16.674799999999998,4.519918441772461,1590.0,1593.54150390625,0.2227360947327044
412,31.7383,10.864299999999998,12.551877975463867,1291.0,1290.5584716796875,-0.0342004895671959
413,42.3096,20.0195,9.30178451538086,1626.0,1629.1785888671875,0.1954851701837331
414,29.0527,9.143069999999998,11.114855766296388,1234.0,1233.35791015625,-0.0520332126215559
415,11.9385,1.0497999999999976,0.1685895919799804,208.0,208.66912841796875,0.3216963547926682
416,13.134800000000006,2.124019999999998,0.4850025177001953,228.0,227.47509765625,-0.2302203262061403
417,10.510300000000004,3.8940399999999977,0.2126703262329101,187.0,186.415771484375,-0.3124216661096257
418,37.085,15.100099999999998,7.904664993286133,1529.0,1532.224853515625,0.2109125909499672
419,34.5459,12.499999999999998,9.605263710021973,1315.0,1318.2010498046875,0.2434258406606463
420,29.4556,9.36279,12.233555793762209,1144.0,1145.6630859375,0.1453746448863636
421,25.6226,6.994629999999998,24.34945297241211,997.0,1036.90625,4.002632898696088
422,28.8818,9.04541,13.869985580444336,1168.0,1168.940185546875,0.0804953379173801
423,17.285200000000003,5.261229999999999,0.6006803512573242,564.0,563.4387817382812,-0.0995067839926861
424,13.9771,2.075199999999999,0.1685895919799804,400.0,400.4685668945313,0.1171417236328125
425,10.143999999999998,0.7202149999999978,0.0371665954589843,90.0,89.337646484375,-0.7359483506944444
426,30.5054,11.071799999999998,17.011491775512695,1137.0,1141.7542724609375,0.4181418171448989
427,43.2129,20.0,7.834693908691406,1818.0,1824.7613525390625,0.3719115808065181
428,19.9951,4.711909999999997,24.384395599365234,708.0,711.3612060546875,0.4747466178937147
429,36.1206,14.160199999999998,11.130043983459473,1448.0,1449.174072265625,0.0810823387862569
430,11.1328,0.7812499999999982,1.1178131103515625,194.00000000000023,193.9595947265625,-0.0208274605349109
431,29.5044,10.070799999999998,10.76205348968506,1205.0,1205.3656005859375,0.0303402975881742
432,43.1519,20.4712,8.445863723754883,1790.0,1793.0894775390625,0.1725965105621508
433,45.8984,22.314499999999995,12.64523220062256,1956.0,1958.8057861328125,0.1434450988145449
434,30.6274,10.351599999999998,7.304434299468994,1286.0,1283.5770263671875,-0.1884116355219673
435,42.9565,20.2271,6.811060905456543,1825.0,1829.91943359375,0.2695580051369863
436,32.2754,11.791999999999998,12.137712478637695,1348.0,1347.4073486328125,-0.0439652349545623
437,43.335,20.6787,7.271405696868896,1813.0,1816.5274658203125,0.1945651307397959
438,40.2466,18.2251,4.580366134643555,1570.0,1576.250244140625,0.3981047223328025
439,35.9009,14.6606,4.968325614929199,1513.0,1516.322509765625,0.2195974729428288
440,17.2119,2.990719999999997,0.0449161529541015,539.0,538.9146118164062,-0.0158419635609925
441,11.779799999999998,1.3671899999999972,0.2204189300537109,198.0,198.0345458984375,0.0174474234532828
442,48.7183,23.4985,17.800771713256836,2031.0,2032.884033203125,0.0927638209318069
443,25.3418,6.774899999999998,23.091846466064453,950.0,965.2191162109376,1.602012232730263
444,39.3188,17.224099999999996,6.153460502624512,1479.0,1483.025390625,0.2721697515212981
445,33.3496,11.328099999999996,11.097112655639648,1315.0,1315.0582275390625,0.0044279497385931
446,17.8101,3.9672899999999993,0.2170886993408203,589.0000000000001,587.80419921875,-0.2030222039473876
447,32.3853,11.267099999999996,10.5912504196167,1306.0,1306.8919677734375,0.06829768556183
448,49.0234,23.6694,11.678304672241213,1996.0,2000.976806640625,0.2493390100513527
449,31.6895,10.888699999999998,5.940299987792969,1280.0,1284.572509765625,0.3572273254394531
450,28.6987,9.704589999999998,19.17639923095703,1132.0,1135.8331298828125,0.3386157140293728
451,38.1226,16.2476,2.621762275695801,1540.0,1544.547119140625,0.295267476663961
452,12.7563,4.565429999999997,0.2204189300537109,199.99999999999977,199.73419189453125,-0.1329040527342614
453,22.5098,6.481929999999998,24.49944496154785,857.0,862.53076171875,0.645363094369895
454,10.9985,0.6835939999999976,1.1178131103515625,179.9999999999999,180.01397705078125,0.0077650282118687
455,48.2666,23.1201,11.222617149353027,1986.0,1991.909912109375,0.2975786560611782
456,36.0718,14.038099999999998,13.444847106933594,1411.0,1412.46142578125,0.1035737619596031
457,44.812,21.875,22.16965675354004,1888.0,1888.48095703125,0.025474419028072
458,25.1343,6.628419999999998,24.770458221435547,934.0,954.4327392578124,2.187659449444593
459,40.686,18.3594,5.101147174835205,1624.0,1628.653564453125,0.2865495352909483
460,11.3892,1.9164999999999992,0.5256528854370117,186.0000000000001,185.7886962890625,-0.1136041456653836
461,39.3311,17.358399999999996,4.184566497802734,1585.0,1589.34716796875,0.2742692724763407
462,37.1094,15.161099999999998,3.969604969024658,1567.0,1570.82373046875,0.2440159839661774
463,11.608900000000002,1.5502899999999986,0.4850025177001953,206.0,204.08203125,-0.931052791262136
464,30.6519,10.241699999999998,8.347575187683105,1234.0,1233.6397705078125,-0.0291920171950972
465,30.7739,10.925299999999998,6.833150386810303,1187.0,1186.139892578125,-0.072460608414069
466,11.2305,1.1108399999999978,0.4850025177001953,212.0,210.4019775390625,-0.7537841796875
467,36.377,14.440899999999996,1.7506866455078125,1537.0,1542.4635009765625,0.3554652554692583
468,46.875,22.6074,18.402557373046875,1984.0,1984.577880859375,0.0291270594443044
469,28.2715,8.203119999999998,10.159795761108398,1199.0,1199.3382568359375,0.028211579310884
470,11.9385,1.0009800000000002,0.2204189300537109,186.0000000000001,186.97393798828125,0.5236225743446966
471,37.9272,15.893599999999998,11.827129364013672,1572.0,1576.9893798828125,0.3173905777870547
472,27.124,7.373049999999998,5.905621528625488,994.0,991.8573608398438,-0.2155572595730633
473,36.6577,14.6118,2.084907531738281,1478.0,1484.33251953125,0.4284519303958051
474,30.7495,10.046399999999998,2.5476980209350586,1230.0,1231.6397705078125,0.1333146754319105
475,22.0215,5.432129999999998,23.853927612304688,820.0,830.082763671875,1.2296053258384148
476,29.9683,10.5957,8.10802936553955,1200.0,1198.74267578125,-0.1047770182291666
477,11.377,1.0375999999999976,0.1685895919799804,193.00000000000023,193.59210205078125,0.3067886273476797
478,29.4556,9.545899999999998,7.692918300628662,1170.0,1170.0987548828125,0.0084405882745726
479,35.3271,13.403299999999998,8.30224609375,1372.0,1374.468994140625,0.1799558411534256
480,44.0674,21.2158,8.302988052368164,1785.0,1789.451416015625,0.2493790484943977
481,20.9473,5.944819999999998,0.204345703125,836.0,832.2911376953125,-0.4436438163501794
482,36.2915,13.999999999999998,11.586993217468262,1521.0,1522.2723388671875,0.083651470558021
483,35.3271,13.439899999999998,0.7643795013427734,1395.0,1401.1680908203125,0.4421570480510752
484,41.6504,19.0,6.107557773590088,1774.0,1778.01513671875,0.2263323967728297
485,13.5132,1.6479499999999965,2.0669870376586914,295.0000000000001,294.6723022460937,-0.1110839843750384
486,19.812,5.615229999999999,0.0449161529541015,597.9999999999999,595.4349975585938,-0.4289301741481834
487,46.88719999999999,22.6318,18.838586807250977,1945.0,1946.53564453125,0.0789534463367609
488,11.584500000000006,1.0864299999999982,2.0691957473754883,197.0000000000001,197.09014892578125,0.0457608760310336
489,13.220200000000002,4.797359999999998,0.2204189300537109,202.0000000000001,200.74853515625,-0.619537051361442
490,37.0239,14.794899999999998,10.682347297668455,1381.0,1380.90576171875,-0.0068239160934105
491,30.5664,10.266099999999998,7.260953903198242,1254.0,1256.45849609375,0.1960523200757576
492,34.6069,12.817399999999996,0.8193778991699219,1431.0,1436.9090576171875,0.4129320487203005
493,30.0781,10.449199999999998,19.172927856445312,1160.0,1162.5811767578125,0.2225152377424568
494,30.6885,10.095199999999998,11.702508926391602,1221.0,1221.222412109375,0.0182155699733824
495,11.706500000000002,1.9409199999999984,0.0449161529541015,203.0,202.84466552734372,-0.0765194446582512
496,14.8315,5.114749999999997,0.08624267578125,221.0,219.04766845703125,-0.8834079379949095
497,32.7393,9.97314,14.578621864318848,1278.0,1278.124267578125,0.009723597662363
498,29.5654,9.143069999999998,9.993913650512695,1175.0,1177.0496826171875,0.1744410738031915
499,37.0728,14.953599999999998,2.7469730377197266,1519.0,1524.3829345703125,0.3543735727657998
500,39.8438,18.1274,5.997276306152344,1670.0,1673.9122314453125,0.2342653560067365
501,50.354,24.3286,18.81686782836914,2116.0,2118.12890625,0.100609936200378
502,40.1123,17.9565,18.46939849853516,1666.0,1668.526611328125,0.1516573426245498
503,30.2246,9.80225,8.547399520874023,1262.0,1263.6544189453125,0.1310950035905309
504,28.54,8.728029999999999,10.190677642822266,1179.0,1180.1810302734375,0.1001722030057251
505,33.9478,12.4023,6.691025733947754,1397.0,1399.3798828125,0.170356679491768
506,44.1528,21.3623,8.429048538208008,1805.0,1808.8077392578125,0.2109550835353059
507,18.0542,3.6987299999999976,0.1823940277099609,653.0,651.5592651367188,-0.2206332103034073
508,29.187,9.387209999999998,7.840174674987793,1183.0,1182.7015380859375,-0.0252292404110312
509,29.9194,9.545899999999998,10.4591646194458,1213.0,1212.74072265625,-0.0213748840684253
510,40.9302,18.6523,6.231696128845215,1625.0,1628.8974609375,0.23984375
511,44.165,21.228,7.78936767578125,1817.0,1821.28515625,0.2358368877270225
512,39.4531,17.394999999999996,3.90600061416626,1592.0,1597.243896484375,0.3293904826868719
513,29.9072,9.50928,9.375956535339355,1196.0,1196.2513427734375,0.0210152820599916
514,33.2275,11.706499999999998,12.24001407623291,1371.0,1370.3271484375,-0.0490774297957695
515,35.1929,13.268999999999998,2.7967958450317383,1395.0,1400.2125244140625,0.3736576640905018
516,35.0708,13.0615,12.395614624023438,1353.0,1354.479736328125,0.1093670604674796
517,23.3154,6.457519999999998,5.190402984619141,838.0,839.7139892578125,0.2045333243213007
518,12.0972,1.3915999999999986,23.252410888671875,195.9999999999999,195.98675537109372,-0.0067574637276205
519,30.4077,10.7422,8.75811767578125,1184.0,1184.7418212890625,0.0626538250897381
520,48.99900000000001,24.0,11.333979606628418,2004.0,2010.0634765625,0.3025686907435129
521,23.3398,6.005859999999998,0.2412862777709961,868.0,867.443359375,-0.0641291042626728
522,11.438,1.1108399999999978,0.234649658203125,206.9999999999999,206.14178466796875,-0.4145967787590032
523,13.4766,1.8798799999999984,0.4850025177001953,376.0,375.909912109375,-0.0239595453789893
524,43.8599,21.0449,7.355248928070068,1845.0,1849.5638427734373,0.2473627519478319
525,16.223099999999995,5.114749999999997,0.787750244140625,528.0,525.9241333007812,-0.3931565718217329
526,29.9072,8.276369999999998,0.2303476333618164,1137.0,1146.3603515625,0.8232499175461742
527,33.6182,11.694299999999998,6.838947772979736,1276.0,1280.2506103515625,0.3331199335080329
528,29.5654,10.082999999999998,11.978262901306152,1129.0,1126.546142578125,-0.2173478673051372
529,42.7856,20.1782,7.036598205566406,1817.0,1820.473388671875,0.1911606313635112
530,11.755399999999998,1.4770499999999966,2.0669870376586914,190.9999999999999,191.68115234375,0.3566242637435152
531,32.8979,11.645499999999998,12.48115348815918,1284.0,1284.82421875,0.0641914914330218
532,41.9556,19.7144,9.976390838623049,1727.0,1731.7060546875,0.2724988238274464
533,43.8599,21.0,8.123222351074219,1763.0,1768.789794921875,0.3284058378828701
534,11.254900000000005,1.1474599999999988,0.2204189300537109,201.0000000000001,200.814697265625,-0.0921904151119968
535,33.4351,11.938499999999998,4.6527419090271,1296.0,1299.990234375,0.3078884548611111
536,11.181600000000005,1.464839999999997,0.0449161529541015,198.9999999999999,199.228271484375,0.1147092886307104
537,28.0029,8.154299999999997,22.187450408935547,1128.0,1139.7664794921875,1.0431276145556294
538,20.7275,4.895019999999998,24.21126937866211,774.0,778.8783569335938,0.6302786735909237
539,48.3765,23.3276,11.358981132507324,1978.0,1983.444580078125,0.2752568290255308
540,32.7393,11.999999999999998,3.199892997741699,1323.0,1328.088623046875,0.384627592356387
541,28.6499,8.557129999999999,11.632308959960938,1197.0,1197.0712890625,0.0059556443191311
542,30.0415,9.399409999999998,11.51832389831543,1176.0,1176.665771484375,0.0566132214604591
543,18.396,5.603029999999999,0.0449161529541015,534.0,533.556640625,-0.0830261001872659
544,26.3916,7.324219999999999,22.183914184570312,1097.0,1104.4609375,0.6801219234275296
545,43.1763,20.5688,7.344198226928711,1818.0,1822.2154541015625,0.2318731629022277
546,53.491200000000006,27.0,17.891626358032227,2295.0,2299.31884765625,0.1881850830610021
547,41.7236,19.0,5.930066585540772,1773.0,1779.175537109375,0.3483100456500282
548,26.1841,7.104489999999998,24.755708694458008,1028.0,1052.6319580078125,2.3961048645732004
549,39.6118,17.5781,4.282871246337891,1567.0,1572.075927734375,0.323926466775686
550,41.3452,19.1772,5.886074066162109,1754.0,1758.739990234375,0.2702388959164766
551,33.7769,11.767599999999998,6.26596212387085,1295.0,1297.8408203125,0.2193683638996139
552,11.3647,1.6479499999999965,0.0970077514648437,195.9999999999999,194.7313232421875,-0.6472840601083607
553,16.3818,4.999999999999998,0.6580390930175781,468.0,467.83685302734375,-0.0348604642427884
554,24.8657,6.921389999999998,24.945690155029297,970.0,996.7763061523438,2.7604439332313144
555,39.8071,17.9077,5.298124313354492,1584.0,1588.61865234375,0.2915815873579545
556,11.254900000000005,1.184079999999998,1.4271125793457031,191.9999999999999,191.27484130859372,-0.3776868184406962
557,41.6504,19.2871,6.100020408630371,1755.0,1759.666748046875,0.2659115696225071
558,25.7202,6.945799999999998,24.226703643798828,1017.0,1048.820556640625,3.1288649597468043
559,35.0464,13.0493,1.790264129638672,1457.0,1460.9500732421875,0.2711100372125944
560,29.7852,9.411619999999996,10.366106986999512,1204.0,1204.80810546875,0.0671183944144518
561,43.103,20.5811,9.13304042816162,1821.0,1823.493408203125,0.1369252170853926
562,45.3979,22.0,9.18842601776123,1866.0,1870.72412109375,0.2531683329983923
563,38.0859,16.186499999999995,2.815498352050781,1509.0,1512.342041015625,0.221473891028827
564,43.3594,20.751999999999995,7.795021057128906,1851.0,1853.072998046875,0.1119934115005402
565,18.2739,3.5400399999999967,0.1685895919799804,625.0,624.249267578125,-0.1201171875
566,25.0732,6.640619999999998,8.398843765258789,938.0,937.0825805664062,-0.0978059097647921
567,29.9805,9.753419999999998,11.22247314453125,1199.0,1198.5347900390625,-0.0387998299364053
568,29.6875,9.545899999999998,10.480514526367188,1154.0,1155.361572265625,0.1179871980610918
569,45.3613,22.229,10.08216667175293,1788.0,1791.332763671875,0.1863961785164988
570,30.1025,9.936519999999998,15.28001594543457,1217.0,1220.412109375,0.2803705320460148
571,12.1094,1.7578099999999992,0.0314922332763671,221.9999999999999,221.19500732421875,-0.3626093134149264
572,36.0596,14.123499999999998,3.1557679176330566,1465.0,1470.689697265625,0.3883752399744027
573,31.2012,10.5469,3.5225167274475098,1250.0,1253.7767333984375,0.302138671875
574,15.1123,4.999999999999998,23.59961700439453,334.0,335.2557983398437,0.3759875268993263
575,32.5073,11.4136,9.71901798248291,1293.0,1294.2564697265625,0.0971747661687935
576,43.4204,20.6543,10.116575241088867,1847.0,1848.9254150390625,0.1042455354121548
577,14.965799999999998,2.514649999999998,0.0449161529541015,385.0,384.64544677734375,-0.0920917461444805
578,10.961899999999996,1.2939499999999988,0.3802022933959961,206.0,206.1168212890625,0.0567093636225728
579,11.865199999999998,2.050779999999998,0.5256528854370117,199.99999999999977,200.11376953125,0.0568847656251137
580,20.3125,4.870609999999998,0.2204189300537109,713.0,709.1884765625,-0.5345755171809257
581,29.2725,8.837889999999998,10.655576705932615,1138.0,1139.6307373046875,0.1432985329250878
582,29.834,9.58252,13.380027770996094,1205.0,1199.901611328125,-0.423102794346473
583,26.5869,8.251949999999999,12.062670707702637,1034.0,1032.4937744140625,-0.1456697858740329
584,45.3979,22.1924,16.949234008789062,1958.0,1959.789794921875,0.0914093422816649
585,29.248,9.448239999999998,7.227484703063965,1201.0,1201.373779296875,0.0311223394567027
586,43.4448,20.764199999999995,8.436711311340332,1615.0,1619.2950439453125,0.2659469935178019
587,30.0903,10.6323,5.468024730682373,1164.0,1165.205322265625,0.1035500228200171
588,41.8823,19.4702,6.012301921844482,1732.0,1737.243408203125,0.3027371941758083
589,35.5225,13.439899999999998,2.490070343017578,1443.0,1448.052001953125,0.3501040854556479
590,44.7144,21.5942,10.013971328735352,1898.0,1900.5048828125,0.1319748584035827
591,37.854,15.893599999999998,3.433526039123535,1525.0,1530.7574462890625,0.3775374615778689
592,15.8936,4.999999999999998,23.252410888671875,410.0,394.98388671875,-3.6624666539634143
593,28.4546,8.691409999999998,11.728538513183594,1139.0,1146.058837890625,0.6197399377194908
594,32.6416,10.6567,9.736026763916016,1306.0,1307.61572265625,0.1237153641845329
595,45.7153,22.0,9.489925384521484,1876.0,1880.7137451171875,0.2512657311933635
596,30.2124,9.936519999999998,13.408727645874023,1227.0,1228.6593017578125,0.1352324170996332
597,31.1401,10.5957,10.48280429840088,1271.0,1270.6998291015625,-0.0236169078235641
598,26.6968,7.482909999999999,22.027881622314453,1057.0,1085.375732421875,2.684553682296594
599,11.669900000000002,0.6835939999999976,0.5256528854370117,194.00000000000023,194.1558837890625,0.0803524685888002
600,44.7144,21.875,9.180118560791016,1823.0,1825.54833984375,0.1397882525370268
601,28.7476,9.008789999999998,11.708362579345703,1204.0,1203.6826171875,-0.0263606987126245
602,31.8604,10.949699999999998,13.548613548278809,1324.0,1322.734130859375,-0.0956094517088368
603,43.2495,20.6177,8.768548011779785,1800.0,1803.94921875,0.2194010416666666
604,21.3745,5.175779999999999,1.4415340423583984,801.0,800.8847045898438,-0.0143939338522159
605,33.0322,10.913099999999998,8.921847343444824,1297.0,1298.105712890625,0.0852515721376252
606,12.6587,2.661129999999998,0.2204189300537109,209.0,207.98382568359372,-0.4862078068929426
607,40.3076,18.1152,5.918740749359131,1640.0,1647.238037109375,0.4413437261814024
608,39.1968,17.211899999999996,3.822275638580322,1615.0,1619.123046875,0.255297020123839
609,47.5342,22.9858,12.487293243408203,1977.0,1980.457275390625,0.174874830077137
610,38.7817,16.8701,11.781617164611816,1644.0,1645.7493896484375,0.1064105625570255
611,28.3203,8.276369999999998,8.400313377380371,1164.0,1167.437255859375,0.2952968951353092
612,15.5029,5.212399999999998,0.0449161529541015,297.0,299.21734619140625,0.7465812092276936
613,38.9282,16.747999999999998,4.246305465698242,1614.0,1618.412353515625,0.2733800195554522
614,31.3599,10.5591,11.112553596496582,1237.0,1236.80810546875,-0.0155128966248989
615,31.0791,10.241699999999998,2.549262046813965,1253.0,1253.9732666015625,0.077674908344972
616,14.1113,4.760739999999998,0.4850025177001953,237.0,236.9052734375,-0.0399690137130801
617,36.3159,14.453099999999996,7.550439834594727,1503.0,1505.4287109375,0.1615908807385229
618,52.124,25.8179,14.941120147705078,1989.0,1993.9517822265625,0.2489583824314982
619,31.1646,9.0332,22.140106201171875,1027.0,1042.60009765625,1.518996850657254
620,15.5762,2.197269999999996,0.0738592147827148,399.0000000000001,398.19537353515625,-0.2016607681312941
621,38.9404,16.9678,5.164346694946289,1659.0,1660.59423828125,0.0960963400391802
622,35.7178,13.6597,5.78123664855957,1441.0,1443.126708984375,0.1475856338913948
623,42.2485,19.6655,12.100773811340332,1762.0,1766.6298828125,0.262762929199773
624,29.5898,9.74121,8.759881973266602,1187.0,1184.9373779296875,-0.1737676554601937
625,15.1123,4.999999999999998,0.0449161529541015,283.0,284.636962890625,0.578432116828622
626,43.6768,20.0,7.545019149780273,1782.0,1786.9669189453125,0.2787272135416666
627,25.0854,6.640619999999998,4.907702445983887,968.0,967.1039428710938,-0.0925678852175878
628,43.3716,20.751999999999995,7.665523529052734,1829.0,1832.209716796875,0.175490256800164
629,21.0571,4.284669999999998,24.12714385986328,774.0,777.52587890625,0.455539910368217
630,17.5781,5.541989999999998,0.4577932357788086,543.0000000000001,544.072509765625,0.1975156106123179
631,44.3848,21.5088,8.432844161987305,1829.0,1832.6416015625,0.1991034205850191
632,28.0151,7.739259999999998,9.883749008178713,1050.0,1046.5418701171875,-0.329345703125
633,35.6812,13.8062,15.21437931060791,1466.0,1466.0433349609375,0.0029560000639495
634,30.1025,9.411619999999996,6.776342391967773,1236.0,1238.48681640625,0.2011987383697411
635,41.9678,19.0,5.646232128143311,1712.0,1717.0869140625,0.2971328307535046
636,44.7998,21.8018,9.464653968811035,1836.0,1838.7005615234373,0.147089407594635
637,29.541,10.046399999999998,10.469487190246582,1206.0,1204.8642578125,-0.0941743107379767
638,29.9927,10.351599999999998,14.883584976196287,1178.0,1180.683837890625,0.2278300416489813
639,39.3799,17.297399999999996,5.346694469451904,1613.0,1616.8365478515625,0.2378516956951333
640,34.9243,12.9639,13.10584545135498,1463.0,1467.7393798828125,0.3239494109919685
641,15.5762,2.709959999999999,0.3802022933959961,430.0000000000001,430.02435302734375,0.0056634947310782
642,30.4321,9.545899999999998,13.80608367919922,1159.0,1160.0703125,0.0923479292493529
643,31.0913,10.278299999999998,6.318642616271973,1269.0,1268.757080078125,-0.0191426258372734
644,31.0181,10.205099999999998,0.66339111328125,1252.0,1254.815185546875,0.2248550756289936
645,37.4023,14.999999999999998,1.6037025451660156,1499.0,1504.8349609375,0.3892569004336224
646,26.4404,7.678219999999998,23.806066513061523,1076.0,1119.65283203125,4.056954649744424
647,38.5742,16.5405,3.793712139129639,1612.0,1615.721435546875,0.2308582845455955
648,14.917,3.999999999999999,0.2204189300537109,333.0,334.820556640625,0.5467137058933934
649,11.2183,1.4404299999999992,0.6502895355224609,195.0000000000001,194.061279296875,-0.4813952323718529
650,38.916,16.845699999999997,4.425223350524902,1591.0,1593.619873046875,0.1646683247564424
651,35.2661,13.293499999999998,14.91817569732666,1277.0,1276.9659423828125,-0.0026670021290133
652,46.9971,22.6685,10.86418342590332,1970.0,1973.3525390625,0.1701796478426396
653,11.438,0.8300779999999985,0.1609659194946289,198.0,195.49945068359372,-1.2629036951546715
654,50.4517,24.292,13.224340438842772,2065.0,2068.66357421875,0.1774127950968523
655,30.8838,10.278299999999998,7.524042129516602,1224.0,1223.353515625,-0.0528173508986928
656,31.9214,10.473599999999998,9.78003215789795,1328.0,1327.546142578125,-0.0341760106833584
657,12.6831,1.2939499999999988,0.0449161529541015,298.0,296.46942138671875,-0.5136169843225671
658,29.9194,9.52148,15.659072875976562,1190.0,1196.3065185546875,0.5299595424107142
659,34.9609,13.0005,2.606078147888184,1479.0,1483.17822265625,0.28250322219405
660,27.124,7.324219999999999,6.315996646881104,963.0,962.9996948242188,-3.169011227933541e-05
661,32.1411,11.938499999999998,13.241211891174316,1314.0,1314.51123046875,0.0389064283675799
662,29.5654,9.74121,7.894280433654785,1178.0,1176.112548828125,-0.1602250570352292
663,21.4966,4.980469999999998,24.22755622863769,810.0,812.997314453125,0.3700388213734568
664,31.1401,10.5835,7.693892478942871,1242.0,1243.684326171875,0.1356140235004025
665,43.75,21.1304,7.454095840454102,1827.0,1831.3704833984373,0.2392163874350027
666,11.694300000000002,1.7333999999999978,20.08777236938477,210.9999999999999,211.396728515625,0.1880229931872577
667,32.9102,11.4624,14.601798057556152,1300.0,1302.997802734375,0.2306002103365384
668,39.4409,17.5781,3.793488025665283,1594.0,1600.337890625,0.3976091985570891
669,29.5898,10.314899999999998,7.744267463684082,1156.0,1209.7587890625,4.650414278762976
670,27.8198,8.349609999999998,10.331616401672363,1179.0,1179.5308837890625,0.0450283112012298
671,28.1494,8.435059999999998,19.677040100097656,1115.0,1130.704345703125,1.4084614980381165
672,33.3008,11.938499999999998,2.278727531433105,1231.0,1233.42529296875,0.1970181128147847
673,38.9282,17.077599999999997,3.3569536209106445,1533.0,1538.7950439453125,0.3780198268305609
674,31.8726,10.131799999999998,6.351582050323486,1301.0,1306.4892578125,0.4219260424673328
675,11.5112,0.5371089999999974,1.9151935577392576,195.9999999999999,195.42120361328125,-0.2953042789380799
676,30.0903,9.399409999999998,10.195290565490724,1244.0,1244.6053466796875,0.0486613086565514
677,11.560100000000002,0.903319999999999,0.1921272277832031,209.0,207.6805419921875,-0.6313196209629186
678,22.583,6.469729999999998,25.044109344482425,934.0,957.2908325195312,2.493665151984074
679,18.9331,4.138179999999997,0.0855875015258789,680.0,679.08642578125,-0.1343491498161764
680,32.6416,11.499,5.505939483642578,1326.0,1328.8363037109375,0.2138992240526018
681,34.1797,12.438999999999998,9.432538032531738,1387.0,1387.794921875,0.0573123197548666
682,45.0073,21.9116,8.864280700683594,1806.0,1810.4974365234373,0.2490274929921096
683,11.9385,1.1962899999999976,0.3802022933959961,205.0,206.15179443359372,0.5618509432164633
684,30.1758,10.046399999999998,10.098283767700195,1199.0,1199.81689453125,0.0681313203711426
685,32.4341,11.901899999999998,12.461797714233398,1298.0,1299.71923828125,0.1324528722072419
686,38.3789,16.3086,4.144687652587891,1532.0,1537.25244140625,0.3428486557604438
687,33.6914,11.975099999999998,10.906889915466309,1404.0,1403.7862548828125,-0.0152240111956908
688,30.2979,9.936519999999998,10.697970390319824,1217.0,1217.54150390625,0.0444949799712407
689,44.7266,21.0,8.524819374084473,1829.0,1833.991943359375,0.2729329338094587
690,11.779799999999998,1.0864299999999982,0.1997604370117187,186.0000000000001,186.72235107421875,0.3883607925906644
691,24.8047,6.799319999999998,24.4018669128418,943.0,952.2442626953124,0.9803035732038704
692,25.3906,6.494139999999998,5.798414707183838,972.0,970.5926513671876,-0.1447889539930555
693,38.4399,16.333,2.772379875183105,1461.0,1465.8468017578125,0.3317455001925051
694,32.7026,11.645499999999998,14.712479591369627,1332.0,1335.012939453125,0.226196655640015
695,35.022,13.0127,8.6871337890625,1404.0,1405.5723876953125,0.1119934255920584
696,30.5054,10.5225,11.039015769958496,1197.0,1195.6180419921875,-0.1154517968097326
697,28.9551,9.0332,14.696246147155762,1173.0,1175.85791015625,0.2436411045396419
698,26.9409,7.580569999999998,6.300967216491699,976.0,974.0250854492188,-0.2023478023341444
699,44.4458,21.582,8.377880096435547,1825.0,1829.394775390625,0.2408096104452055
700,28.6499,8.801269999999999,15.119049072265623,1159.0,1162.7952880859375,0.3274623024967644
701,11.5112,1.2695299999999978,0.2204189300537109,209.0,208.5208740234375,-0.2292468787380382
702,42.9199,20.2881,7.222335815429687,1790.0,1793.03076171875,0.1693162971368715
703,47.1924,22.8516,13.23558235168457,1969.0,1971.08154296875,0.1057157424454037
704,39.563,17.4805,17.79121208190918,1645.0,1645.622314453125,0.037830665843465
705,37.0483,15.124499999999998,11.4675874710083,1554.0,1555.7784423828125,0.1144428817768661
706,12.0972,4.467769999999997,3.016101837158203,212.0,212.12493896484372,0.0589334739829009
707,34.5215,12.548799999999998,9.82034683227539,1347.0,1348.58544921875,0.1177022434112843
708,14.1357,5.163569999999999,0.2204189300537109,206.9999999999999,206.8065185546875,-0.0934692972523605
709,29.1748,9.143069999999998,11.424373626708984,1117.0,1129.0433349609375,1.0781857619460609
710,11.1206,0.366210999999998,0.2126703262329101,212.0,212.27532958984372,0.1298724480395047
711,16.113300000000002,5.358889999999998,21.670040130615234,415.0000000000002,417.00299072265625,0.4826483669050654
712,11.3525,1.0131799999999984,2.0669870376586914,193.00000000000023,194.04083251953125,0.5392914608969023
713,53.2104,26.0,19.61559295654297,2285.0,2288.12158203125,0.1366119050875273
714,29.7974,9.631349999999998,11.499810218811035,1204.0,1204.6982421875,0.057993537167774
715,37.7319,15.722699999999998,4.801510810852051,1578.0,1580.609619140625,0.1653751039686311
716,11.0596,1.5380900000000004,0.0465259552001953,172.0,171.6199951171875,-0.2209330714026162
717,46.4844,22.6318,10.5955810546875,1994.0,1997.04931640625,0.1529245940947843
718,11.2915,1.6601599999999976,0.1663293838500976,197.0000000000001,196.48773193359372,-0.2600345514753114
719,31.1035,10.449199999999998,12.849547386169434,1234.0,1235.530517578125,0.1240289771576175
720,36.9995,15.173299999999998,2.1155176162719727,1493.0,1497.796875,0.3212910247823175
721,30.6763,10.095199999999998,21.63601303100586,1054.0,1091.9747314453125,3.602915696898719
722,30.0903,10.302699999999998,11.18645191192627,1159.0,1158.97216796875,-0.0024013831967213
723,34.8145,12.9639,6.2342047691345215,1419.0,1422.583251953125,0.2525195174859055
724,43.9331,21.0449,7.911246299743652,1831.0,1834.925048828125,0.2143664024098853
725,29.0405,8.923339999999998,9.435242652893066,1192.0,1192.1307373046875,0.0109678946885486
726,11.181600000000005,1.5502899999999986,0.5256528854370117,193.00000000000023,192.91217041015625,-0.0455075595046514
727,34.9976,14.135699999999998,6.420044898986816,1412.0,1414.4774169921875,0.1754544612030807
728,11.2793,1.8798799999999984,0.1685895919799804,202.0000000000001,201.24365234375,-0.3744295327970858
729,13.9404,4.431149999999998,0.3802022933959961,194.00000000000023,194.20343017578125,0.1048609153510424
730,37.6587,15.624999999999998,2.820161819458008,1524.0,1528.6932373046875,0.3079552037196522
731,24.7681,6.848139999999998,24.48780059814453,957.0,962.0151977539062,0.5240541017665883
732,34.4727,12.585399999999998,9.174068450927734,1439.0,1440.6795654296875,0.116717542021369
733,35.4492,13.415499999999998,10.146388053894045,1435.0,1436.557861328125,0.1085617650261324
734,31.604,10.7056,3.2611145973205566,1258.0,1258.8006591796875,0.0636454037907392
735,35.6445,13.7573,6.287262916564941,1450.0,1453.341552734375,0.2304519127155172
736,30.7495,10.278299999999998,10.041404724121094,1268.0,1269.460693359375,0.1151966371746845
737,28.9551,9.912109999999998,23.429479598999023,1084.0,1114.195556640625,2.7855679557772137
738,11.889599999999994,1.4770499999999966,0.6505641937255859,188.99999999999977,190.985107421875,1.0503213872355712
739,14.196800000000003,4.931639999999997,0.2204189300537109,193.00000000000023,192.5367431640625,-0.2400294486723973
740,38.3911,15.999999999999998,3.971368312835693,1558.0,1563.451904296875,0.3499296724566752
741,43.7378,21.0449,8.3912992477417,1862.0,1866.012939453125,0.2155176935083244
742,29.7241,9.228519999999998,9.073834419250488,1147.0,1150.7572021484375,0.3275677548768526
743,24.5361,6.298829999999998,6.853054046630859,951.0,950.666259765625,-0.0350936103443743
744,33.8135,12.2192,12.381424903869627,1372.0,1373.1536865234375,0.0840879390260568
745,28.8696,8.862299999999998,11.307313919067385,1173.0,1173.326904296875,0.0278690790174765
746,49.4751,23.7793,11.113693237304688,1977.0,1980.349609375,0.1694289011127971
747,34.3994,12.585399999999998,6.104121208190918,1394.0,1396.8814697265625,0.2067051453775107
748,15.515100000000002,2.4414099999999976,1.1178131103515625,442.9999999999999,442.33099365234375,-0.1510172342338908
749,42.4194,19.8242,6.703614711761475,1773.0,1774.164794921875,0.0656962730893965
750,11.9507,1.2329099999999986,0.2204189300537109,210.0,208.7645263671875,-0.5883207775297619
751,42.4316,19.8486,6.349722385406494,1780.0,1785.5128173828125,0.3097088417310393
752,41.0278,18.9819,6.317355155944824,1633.0,1636.6875,0.2258113900796081
753,44.9341,21.8262,9.521665573120115,1843.0,1846.894775390625,0.211328019024688
754,39.1357,17.077599999999997,12.867646217346191,1693.0,1694.48291015625,0.0875906766834022
755,25.1587,6.909179999999998,23.877445220947266,958.0,969.5286254882812,1.2034055833278967
756,44.0552,21.2402,8.570762634277344,1820.0,1815.156494140625,-0.2661266955700549
757,15.6128,5.395509999999998,0.6580390930175781,361.0,359.0302124023437,-0.5456475339768005
758,35.144,13.232399999999998,6.022946357727051,1393.0,1397.301025390625,0.3087598988244795
759,31.0791,10.449199999999998,5.874031066894531,1260.0,1261.8929443359375,0.1502336774553571
760,11.2915,1.2939499999999988,0.6795644760131836,193.00000000000023,192.6409912109375,-0.1860149166128119
761,33.6426,12.1826,6.166080474853516,1374.0,1375.7647705078125,0.1284403571915938
762,29.9072,9.50928,12.86079216003418,1186.0,1187.4072265625,0.118653167158516
763,37.3169,15.075699999999998,10.703682899475098,1365.0,1364.720947265625,-0.0204434237637362
764,11.633300000000002,1.6113299999999988,0.5256528854370117,195.9999999999999,195.71612548828125,-0.1448339345503247
765,39.4897,17.529299999999996,4.154131412506104,1582.0,1586.792236328125,0.302922650323957
766,11.804199999999998,0.9277339999999974,0.4850025177001953,241.0,240.31396484375,-0.2846618905601659
767,21.6431,5.334469999999998,1.8150806427001955,837.0,836.6773681640625,-0.0385462169578853
768,45.6177,22.314499999999995,10.259309768676758,1867.0,1870.411865234375,0.1827458615091055
769,41.0889,18.8599,5.406136989593506,1590.0,1595.00048828125,0.31449611831761
770,33.2397,11.901899999999998,3.4828600883483887,1293.0,1295.9869384765625,0.2310083895253287
771,10.766600000000004,1.2695299999999978,0.0166244506835937,203.0,202.46710205078125,-0.262511305033867
772,53.9917,27.148399999999995,20.682838439941406,2269.0,2272.81591796875,0.1681761995923314
773,39.4409,17.4316,7.557534217834473,1683.0,1686.63525390625,0.2159984495692216
774,19.9341,4.565429999999997,23.91411399841309,715.0,721.0487670898438,0.8459814111669581
775,31.1401,10.473599999999998,3.1796703338623047,1253.0,1255.4400634765625,0.1947377076266959
776,32.8369,11.962899999999998,7.831089496612549,1310.0,1311.897705078125,0.1448629830629771
777,18.2617,5.395509999999998,0.2204189300537109,489.0,488.9244384765625,-0.0154522542816973
778,33.2153,11.999499999999998,13.979028701782228,1358.0,1358.0806884765625,0.0059417140325846
779,26.6235,7.177729999999999,14.841994285583496,974.0,990.2481689453124,1.66818983011422
780,27.4536,8.032229999999998,24.32846069335937,1044.0,1087.3779296875,4.154974107998084
781,36.3525,14.453099999999996,8.883119583129883,1519.0,1520.8856201171875,0.1241356232513166
782,41.7847,19.4336,10.204629898071287,1797.0,1800.703125,0.2060726210350584
783,11.901900000000005,0.7202149999999978,0.3687953948974609,205.0,203.78656005859372,-0.5919219226371951
784,27.2461,7.934569999999998,23.099140167236328,1114.0,1133.3492431640625,1.7369159034167414
785,31.4575,10.241699999999998,7.500882148742676,1281.0,1285.1563720703125,0.324463081210968
786,11.706500000000002,0.744628999999998,0.5256528854370117,194.00000000000023,191.173583984375,-1.456915471971765
787,35.3394,13.415499999999998,11.489408493041992,1316.0,1316.994140625,0.0755426006838905
788,11.584500000000006,0.7202149999999978,23.568897247314453,208.0,209.0704345703125,0.5146320049579327
789,42.2241,19.5557,7.268117904663086,1647.0,1650.0325927734375,0.1841282801115664
790,26.6724,7.153319999999999,9.030458450317385,996.0,994.146240234375,-0.1861204583960843
791,11.877399999999998,1.5747099999999978,0.8014097213745117,186.0000000000001,187.1927490234375,0.6412629158265514
792,30.2856,10.388199999999998,10.32155990600586,1183.0,1183.158935546875,0.0134349574704142
793,30.1514,9.8999,9.755091667175291,1248.0,1248.53759765625,0.0430767352764423
794,17.4805,3.771969999999999,0.0449161529541015,549.0,548.5089111328125,-0.0894515240778688
795,28.6865,8.764649999999998,12.62486457824707,1194.0,1193.6695556640625,-0.0276754050198911
796,44.1895,21.3989,11.169225692749023,1792.0,1794.452392578125,0.1368522644042968
797,41.3086,18.0,7.007628440856934,1743.0,1746.1400146484375,0.1801500085162077
798,29.6021,9.10645,3.8545479774475098,1187.0,1189.324951171875,0.1958678325084246
799,11.584500000000006,1.3549799999999976,0.0449161529541015,208.0,207.1929931640625,-0.3879840557391827
800,44.8486,21.8628,9.919829368591309,1846.0,1850.2288818359373,0.2290835230735373
801,39.5508,17.5415,4.575047969818115,1568.0,1572.275390625,0.2726652184311224
802,27.8809,7.910159999999999,24.807342529296875,984.0,1006.048095703125,2.2406601324314024
803,49.0479,23.5107,12.467777252197266,2001.0,2005.3875732421875,0.2192690275955772
804,24.8169,6.872559999999998,24.474071502685547,949.0,956.1134033203124,0.7495683161551634
805,21.2891,5.297849999999999,24.29431533813477,759.0,765.794677734375,0.895214457756917
806,28.7964,8.972169999999998,11.736438751220703,1177.0,1176.763427734375,-0.0200995977591333
807,12.207,2.490229999999997,0.5256528854370117,205.0,204.957275390625,-0.0208412728658536
808,13.439899999999994,3.999999999999999,0.8014097213745117,205.0,206.79052734375,0.8734279725609756
809,41.9189,19.5435,7.21839714050293,1794.0,1841.707763671875,2.6592956338837794
810,26.9653,7.446289999999999,10.76233959197998,971.0,970.745849609375,-0.0261740876029866
811,24.8657,6.445309999999998,7.283331871032715,966.0,965.597900390625,-0.0416252183618012
812,44.2871,21.2646,8.486146926879883,1790.0,1794.100830078125,0.2290966524092178
813,28.9307,8.496089999999999,11.347991943359377,1079.0,1078.6856689453125,-0.0291317010831788
814,11.9385,1.0497999999999976,0.1685895919799804,210.0,210.1551513671875,0.073881603422619
815,29.7852,9.66797,10.088176727294922,1206.0,1206.494873046875,0.0410342493262852
816,44.9097,21.936,9.157068252563477,1813.0,1815.8253173828125,0.1558365903371483
817,32.1289,10.73,14.265276908874512,1300.0,1274.183349609375,-1.9858961838942308
818,30.2124,9.98535,10.674683570861816,1208.0,1208.63818359375,0.0528297676945364
819,37.0117,14.916999999999998,10.082599639892578,1478.0,1479.2674560546875,0.0857548074890054
820,31.1401,10.8032,7.272390365600586,1328.0,1331.21337890625,0.2419713031814759
821,29.1138,9.008789999999998,1.856165885925293,1179.0,1181.30322265625,0.1953539148642917
822,36.1572,14.123499999999998,5.974584579467773,1401.0,1404.33544921875,0.2380763182548179
823,36.2427,13.999999999999998,4.032284259796143,1477.0,1482.297607421875,0.3586734882786053
824,42.9688,20.3369,7.126044273376465,1836.0,1841.328857421875,0.2902427789692266
825,33.7646,11.743199999999998,8.227886199951172,1302.0,1303.233154296875,0.0947123115879416
826,33.8867,12.3657,11.826961517333984,1364.0,1365.2061767578125,0.0884293810712976
827,12.2192,1.5747099999999978,0.2204189300537109,249.0,248.37225341796875,-0.2521070610567268
828,25.1953,6.811519999999998,25.22509002685547,995.0,1022.7600708007812,2.7899568644001254
829,20.8252,4.931639999999997,24.36645126342773,792.0,806.5467529296875,1.8367112284958964
830,20.5322,5.688479999999998,0.6502895355224609,649.0,648.8836669921875,-0.0179249626829738
831,29.0161,8.959959999999999,11.63944149017334,1183.0,1182.9344482421875,-0.0055411460534657
832,31.0913,10.6201,5.844027042388916,1283.0,1284.48486328125,0.1157336930046765
833,29.0039,9.643549999999998,10.153085708618164,1144.0,1144.1552734375,0.0135728529283216
834,21.7651,5.090329999999998,1.852334976196289,803.0,803.28271484375,0.035207327988792
835,14.0625,5.078119999999998,0.1685895919799804,206.0,204.775390625,-0.5944705703883496
836,27.8564,7.592769999999998,4.81607723236084,1036.0,1034.2049560546875,-0.1732667900880791
837,35.5469,13.549799999999998,7.0572943687438965,1452.0,1459.93701171875,0.5466261514290633
838,14.123500000000002,3.999999999999999,23.252410888671875,250.0,252.0926513671875,0.8370605468750001
839,24.3652,3.9672899999999993,24.76986694335937,926.0,939.4216918945312,1.4494267704677375
840,31.958,10.876499999999998,9.39596176147461,1303.0,1303.308837890625,0.023702063747122
841,29.187,9.10645,13.143378257751465,1207.0,1211.2032470703125,0.3482391938949876
842,30.7495,10.229499999999998,12.505452156066896,1244.0,1245.7890625,0.1438153135048231
843,26.9043,7.641599999999999,24.64939308166504,1063.0,1098.2335205078125,3.314536266021872
844,25.8667,6.909179999999998,6.258564472198486,1001.0,1000.0953979492188,-0.0903698352428821
845,27.4536,8.715819999999999,24.95689010620117,1055.0,1075.05224609375,1.9006868335308056
846,29.3823,9.533689999999998,11.72067928314209,1141.0,1140.6466064453125,-0.0309722659673532
847,29.3091,10.021999999999998,9.889655113220217,1166.0,1162.711181640625,-0.2820598935999142
848,30.249,9.753419999999998,11.792695999145508,1247.0,1247.822021484375,0.065919926573777
849,41.4917,19.201699999999995,7.779294490814209,1783.0,1786.23974609375,0.1817019682417274
850,32.9712,11.010699999999998,13.526887893676758,1330.0,1331.669189453125,0.1255029664003759
851,38.1104,15.966799999999996,10.90058135986328,1625.0,1626.175537109375,0.0723407451923077
852,21.3013,3.796389999999999,23.568897247314453,558.0000000000001,558.2513427734375,0.0450435077844778
853,30.2612,9.58252,13.341524124145508,1238.0,1237.212890625,-0.0635791094507269
854,40.918,18.4814,6.828326225280762,1747.0,1750.504638671875,0.2006089680523755
855,31.958,11.096199999999998,14.740734100341797,1167.0,1168.789794921875,0.1533671741109682
856,29.2603,9.387209999999998,1.3949298858642578,1197.0,1201.5048828125,0.3763477704678362
857,25.3174,6.909179999999998,24.603944778442383,912.0,921.335693359375,1.0236505876507676
858,31.7993,11.035199999999998,12.322566032409668,1221.0,1223.0384521484375,0.1669493979064291
859,29.8218,9.728999999999996,12.867048263549805,1209.0,1210.227294921875,0.1015132276157981
860,40.8691,18.6768,5.287524700164795,1629.0,1634.1710205078125,0.3174352675145794
861,28.6499,8.850099999999998,9.734944343566896,1176.0,1176.3218994140625,0.0273723991549744
862,44.0308,21.1914,8.056780815124512,1814.0,1818.01806640625,0.2215031094955898
863,17.5049,5.358889999999998,0.4850025177001953,499.0,498.1778564453125,-0.1647582273922845
864,41.0767,18.811,6.725163459777832,1714.0,1717.187744140625,0.1859827386595682
865,18.5669,3.6987299999999976,23.87390518188477,629.9999999999999,631.96435546875,0.3118024553571609
866,14.6973,3.8574199999999976,0.2204189300537109,307.0,308.2999267578125,0.4234289113395765
867,47.52199999999999,23.0225,17.4615478515625,2042.0,2043.645263671875,0.0805711886324681
868,25.4272,6.811519999999998,5.085903167724609,973.0,972.2825317382812,-0.0737377452948355
869,44.165,21.1914,7.807868003845215,1823.0,1828.20703125,0.2856297997805815
870,31.8726,11.035199999999998,5.058548927307129,1265.0,1266.8980712890625,0.1500451611907114
871,22.9492,6.335449999999998,24.75990867614746,951.0,970.46337890625,2.0466223876182967
872,42.9443,20.2271,9.472439765930176,1820.0,1822.544677734375,0.1398174579326923
873,30.0537,9.692379999999998,4.048910140991211,1147.0,1149.7781982421875,0.2422143192840017
874,34.7534,12.719699999999998,2.6686830520629883,1345.0,1351.107177734375,0.4540652590613382
875,16.6016,4.968259999999998,0.5256528854370117,400.0,399.9912109375,-0.002197265625
876,31.0425,10.302699999999998,7.222138404846191,1223.0,1225.072509765625,0.169461141915372
877,21.6797,5.999999999999998,24.10331344604492,744.0,748.7596435546875,0.6397370369203629
878,17.2241,5.651859999999998,0.1685895919799804,448.0,447.619140625,-0.0850132533482142
879,14.2456,4.82178,1.4342107772827148,256.0,263.2284545898437,2.823615074157715
880,47.8516,23.2056,18.14219093322754,2038.0,2040.3233642578125,0.1140021716296614
881,32.959,11.047399999999998,8.295937538146973,1316.0,1317.805908203125,0.1372270671067629
882,30.188,10.8154,2.476902961730957,1139.0,1142.851806640625,0.3381744197212467
883,12.8174,1.6601599999999976,0.6580390930175781,285.0,284.8973999023437,-0.0360000342653508
884,36.7065,14.999999999999998,1.8466720581054688,1473.0,1477.3477783203125,0.2951648554183639
885,29.1748,9.399409999999998,11.520048141479492,1134.0,1133.1826171875,-0.0720796130952381
886,43.1641,20.5322,10.738994598388672,1803.0,1805.98193359375,0.1653873318774265
887,28.3447,8.557129999999999,24.4202823638916,982.0,1019.9998168945312,3.869635121642693
888,15.8936,3.015139999999998,0.1609659194946289,459.0,459.2028198242188,0.044187325537854
889,29.1992,8.886719999999999,9.8731689453125,1202.0,1200.6414794921875,-0.1130216728629367
890,35.8032,13.7939,8.21152114868164,1445.0,1446.9541015625,0.1352319420415224
891,39.2944,17.394999999999996,5.80731201171875,1496.0,1498.6046142578125,0.1741052311371992
892,37.8052,15.917999999999996,5.002707958221436,1579.0,1582.0186767578125,0.191176488778499
893,12.0117,0.9643549999999976,0.2204189300537109,204.00000000000023,204.330322265625,0.1619226792278295
894,30.542,9.8999,11.915054321289062,1261.0,1261.4422607421875,0.0350722238055115
895,11.0474,1.7700199999999988,0.4850025177001953,219.0,218.09686279296875,-0.4123914187357306
896,11.5234,0.9643549999999976,0.0449161529541015,206.0,205.9610595703125,-0.0189031212075242
897,12.9761,1.9409199999999984,23.252410888671875,299.0,299.72393798828125,0.2421197285221571
898,30.0659,9.716799999999996,9.031896591186523,1217.0,1217.400390625,0.0328998048479868
899,38.5742,16.5161,3.89401912689209,1510.0,1510.9437255859375,0.0624983831746688
900,14.2578,1.6601599999999976,0.3724527359008789,394.0,391.9478149414063,-0.5208591519273477
901,11.254900000000005,0.8911129999999989,0.1609659194946289,199.99999999999977,198.847412109375,-0.576293945312387
902,21.4722,4.797359999999998,24.710662841796875,813.0,824.7262573242188,1.4423440743196494
903,30.2124,9.33838,10.8087797164917,1225.0,1223.9903564453125,-0.0824198820153061
904,11.694300000000002,0.8911129999999989,0.5179033279418945,204.00000000000023,203.5743408203125,-0.2086564606312387
905,29.4312,10.095199999999998,11.157177925109863,1163.0,1161.3277587890625,-0.143786862505374
906,28.6133,8.544919999999998,10.67771816253662,1224.0,1223.6868896484375,-0.0255809110753676
907,31.9824,10.986299999999998,8.54212760925293,1272.0,1273.0096435546875,0.0793744932930424
908,28.6255,9.643549999999998,0.1536664962768554,1109.0,1111.9034423828125,0.261807248224752
909,13.5742,4.943849999999999,0.1685895919799804,201.0000000000001,201.1968994140625,0.0979599074937244
910,34.8877,13.0493,9.057307243347168,1447.0,1448.2764892578125,0.0882162583146164
911,30.2856,10.314899999999998,9.766683578491213,1162.0,1160.904541015625,-0.094273578689759
912,28.6011,8.544919999999998,11.608566284179688,1201.0,1202.1759033203125,0.0979103513998751
913,25.2197,6.884769999999998,7.460590362548828,967.0,967.8156127929688,0.0843446528406153
914,43.0786,20.5688,9.74197769165039,1788.0,1789.992919921875,0.1114608457424496
915,36.1328,14.208999999999998,3.3251214027404785,1487.0,1491.040771484375,0.2717398442753866
916,11.743199999999998,1.7944299999999984,0.4850025177001953,205.0,205.48712158203125,0.2376202839176829
917,11.413600000000002,0.2929689999999993,0.5179033279418945,214.0,213.227783203125,-0.3608489705023364
918,28.7598,9.680179999999998,1.547581672668457,1130.0,1137.023681640625,0.6215647469579646
919,42.1997,19.6167,8.61187744140625,1606.0,1608.77880859375,0.1730266870330012
920,32.959,9.81445,13.456198692321776,1298.0,1298.01416015625,0.0010909211286594
921,19.812,3.771969999999999,23.568897247314453,689.0,689.0824584960938,0.0119678513924165
922,28.3203,9.460449999999998,1.4636526107788086,1084.0,1084.8389892578125,0.0773975330085332
923,36.0718,14.196799999999998,11.887215614318848,1453.0,1453.22216796875,0.015290293788713
924,42.9199,20.2881,7.438184261322021,1836.0,1838.71630859375,0.147947091162854
925,36.5479,14.563,1.789957046508789,1458.0,1461.56689453125,0.2446429719650205
926,13.9404,1.4770499999999966,0.6580390930175781,395.0,395.3045043945313,0.0770897201344936
927,20.2393,4.650879999999998,0.0844793319702148,703.0,702.5810546875,-0.0595939278093883
928,30.0171,10.339399999999998,11.268890380859377,1156.0,1156.41943359375,0.036283182850346
929,12.7197,2.075199999999999,0.4713850021362304,310.0,310.9307861328125,0.3002535912298387
930,34.9609,13.0981,10.434405326843262,1352.0,1353.17138671875,0.0866410294933432
931,36.2427,14.269999999999998,2.022357940673828,1459.0,1460.9677734375,0.1348713802261823
932,11.3647,1.6845699999999972,0.3802022933959961,198.9999999999999,199.1356201171875,0.0681508126570923
933,40.9424,18.8232,5.257121562957764,1658.0,1663.294189453125,0.3193117884876357
934,28.1006,8.239749999999999,7.410605430603027,987.0,986.3388671875,-0.0669840742147923
935,29.7241,9.411619999999996,13.027067184448242,1216.0,1217.3150634765625,0.1081466674804687
936,34.7412,12.878399999999996,3.3404340744018555,1341.0,1345.50439453125,0.3358981753355705
937,42.8101,20.1904,8.589360237121582,1849.0,1851.694091796875,0.1457053432598702
938,30.542,10.7788,8.158992767333984,1175.0,1175.366455078125,0.0311876662234042
939,11.2793,1.7944299999999984,0.1685895919799804,195.0000000000001,195.2470703125,0.126702724358916
940,35.9009,13.916,8.451652526855469,1402.0,1404.3619384765625,0.1684692208675107
941,44.8486,21.814,9.03506851196289,1830.0,1832.6668701171875,0.1457306074965847
942,14.3066,4.577639999999997,0.0449161529541015,218.0,216.8634033203125,-0.5213746237098624
943,37.3535,15.563999999999998,3.866466999053955,1546.0,1550.1815185546875,0.2704733864610285
944,11.779799999999998,0.2929689999999993,0.2204189300537109,197.0000000000001,197.53997802734372,0.2741005214942315
945,28.9917,8.959959999999999,8.172992706298828,1194.0,1195.1064453125,0.092667111599665
946,42.5049,19.9585,9.195524215698242,1695.0,1697.0947265625,0.1235826880530973
947,15.7227,2.4414099999999976,0.1945867538452148,444.0,443.99615478515625,-0.0008660393792229
948,30.1025,9.936519999999998,4.998565196990967,1210.0,1212.23046875,0.1843362603305785
949,44.7876,21.814,9.848163604736328,1815.0,1817.0361328125,0.1121836260330578
950,35.9741,14.025899999999998,4.256618022918701,1486.0,1488.5772705078125,0.1734367771071668
951,11.669900000000002,1.3915999999999986,0.2204189300537109,206.9999999999999,205.550048828125,-0.7004595033212015
952,33.4839,12.036099999999998,6.489439964294434,1290.0,1295.784912109375,0.4484427991763566
953,14.0991,1.9042999999999992,23.54918098449707,387.0,386.81488037109375,-0.0478345294331395
954,29.0527,9.082029999999998,11.01578426361084,1193.0,1191.3388671875,-0.13923996751886
955,28.186,8.569339999999999,20.123580932617188,1134.0,1142.5927734375,0.7577401620370371
956,18.4814,5.688479999999998,0.0449161529541015,534.0,532.8956909179688,-0.2067994535639045
957,13.916,4.467769999999997,0.3802022933959961,217.0,215.110107421875,-0.8709182387672811
958,28.7842,6.823729999999999,25.04229736328125,958.0,987.137939453125,3.041538565044364
959,25.7446,5.999999999999998,24.61130142211914,989.0,995.256103515625,0.6325686062310414
960,11.5234,1.2329099999999986,0.5256528854370117,194.00000000000023,194.0921630859375,0.0475067453284909
961,44.6167,21.0,7.978940963745117,1831.0,1836.1080322265625,0.2789749987199618
962,32.605,10.6567,13.673487663269045,1285.0,1285.7369384765625,0.0573492977869649
963,33.8013,12.1826,8.196773529052734,1388.0,1390.501953125,0.180255988832853
964,41.2109,19.1772,5.316554546356201,1704.0,1710.4205322265625,0.37679179733348
965,27.9175,8.142089999999998,5.569005966186523,991.0,989.9090576171876,-0.1100850033110494
966,38.147,16.137699999999995,2.816277503967285,1532.0,1536.025146484375,0.2627380211733028
967,27.2949,7.885739999999998,12.412816047668455,1129.0,1136.107666015625,0.6295541200730735
968,32.3242,11.083999999999998,4.357332706451416,1318.0,1320.15234375,0.1633037746585736
969,35.5225,13.500999999999998,2.8325586318969727,1390.0,1394.17822265625,0.3005915580035971
970,13.4644,3.999999999999999,21.670040130615234,198.9999999999999,200.61578369140625,0.8119516037217913
971,44.0674,21.0083,7.958469390869141,1801.0,1804.562255859375,0.1977932181774014
972,12.2437,1.464839999999997,0.5256528854370117,291.0000000000001,290.3486328125,-0.2238375214777022
973,41.4917,19.104,6.118063449859619,1681.0,1686.343994140625,0.3179056597635336
974,28.54,8.789059999999997,11.748875617980955,1190.0,1190.71630859375,0.0601939994747899
975,48.23,23.3887,11.480305671691896,1973.0,1976.5885009765625,0.1818804346965281
976,29.0771,10.229499999999998,12.057754516601562,1144.0,1142.88037109375,-0.0978696596372377
977,32.1289,11.267099999999996,12.711928367614746,1323.0,1323.0826416015625,0.0062465307303476
978,38.4521,16.5039,2.583091735839844,1599.0,1605.551513671875,0.40972568304409
979,20.2393,4.650879999999998,0.4850025177001953,699.0,699.5487670898438,0.0785074520520386
980,34.8145,12.902799999999996,10.91169261932373,1368.0,1368.181640625,0.0132778234649122
981,29.0649,9.484859999999998,12.681291580200195,1160.0,1161.9483642578125,0.1679624360183189
982,22.0703,5.541989999999998,3.83721923828125,848.0,849.3758544921875,0.1622469920032429
983,43.0542,20.4346,7.760128498077393,1789.0,1791.993896484375,0.1673502786123532
984,34.2163,12.3047,12.575199127197266,1342.0,1342.959716796875,0.0715139192902384
985,33.1177,11.193799999999998,7.178732872009277,1285.0,1287.470947265625,0.1922916160019455
986,11.9507,0.9643549999999976,3.016101837158203,199.99999999999977,199.3580322265625,-0.3209838867186366
987,30.7495,10.119599999999998,11.27723503112793,1209.0,1209.2437744140625,0.0201633096825889
988,32.4707,11.303699999999996,4.881389141082764,1320.0,1322.2730712890625,0.1722023703835227
989,28.1372,8.251949999999999,23.79508209228516,1054.0,1099.1490478515625,4.283590877757353
990,17.9565,5.981449999999998,0.6580390930175781,517.0,516.240966796875,-0.1468149329061895
991,30.5664,10.095199999999998,6.013441562652588,1194.0,1197.5125732421875,0.2941853636672948
992,29.1992,9.19189,10.230263710021973,1165.0,1166.9417724609375,0.166675747719957
993,48.6206,23.4375,20.31825256347656,2045.0,2046.369873046875,0.0669864570599022
994,11.438,4.174799999999999,0.3802022933959961,201.0000000000001,201.86431884765625,0.4300093769433511
995,19.4458,4.455569999999997,0.2645034790039062,651.0,651.31103515625,0.0477780577956989
996,39.3066,17.248499999999996,3.783775806427002,1593.0,1597.5565185546875,0.2860338075761142
997,33.8501,11.816399999999998,10.111198425292969,1176.0,1177.3001708984375,0.1105587498671343
998,44.751,21.7651,8.68549919128418,1884.0,1887.2802734375,0.1741121782112526
999,36.499,14.416499999999996,1.4226255416870115,1415.0,1421.1971435546875,0.4379606752429328
